CLid,year,indegree,pagerank
1087736,1829,0,0.00059224923084
1087976,1820,0,0.00059224923084
1101065,1818,0,0.00059224923084
1101108,1818,0,0.00059224923084
1101120,1818,1,0.00394832820558
1101123,1818,1,0.00171532066857
1101126,1818,0,0.00059224923084
1101162,1818,1,0.00132126051498
1101164,1818,0,0.00059224923084
1119427,1810,1,0.00394832820558
1119486,1810,1,0.00394832820558
1143192,1810,1,0.00304127983403
1299599,1792,0,0.00059224923084
1299604,1796,0,0.00059224923084
1299616,1793,0,0.00059224923084
1299622,1796,0,0.00059224923084
1299628,1792,0,0.00059224923084
1299643,1792,0,0.00059224923084
1300133,1796,0,0.00059224923084
1300139,1798,0,0.00059224923084
1300161,1793,1,0.00394832820558
1300165,1793,0,0.00059224923084
1303430,1793,1,0.00394832820558
1303451,1795,0,0.00059224923084
1303460,1794,1,0.00394832820558
1303466,1795,0,0.00059224923084
1303472,1791,0,0.00059224923084
1303477,1795,0,0.00059224923084
1303496,1792,1,0.00394832820558
1303501,1793,0,0.00059224923084
1303508,1790,0,0.00059224923084
1303513,1791,0,0.00059224923084
1303519,1785,0,0.00059224923084
1303525,1795,0,0.00059224923084
1303532,1795,0,0.00059224923084
1303537,1793,0,0.00059224923084
1303592,1792,0,0.00059224923084
1303599,1795,0,0.00059224923084
1303605,1796,0,0.00059224923084
1303625,1797,0,0.00059224923084
1303682,1791,0,0.00059224923084
1303689,1795,0,0.00059224923084
1303693,1797,0,0.00059224923084
1303706,1790,0,0.00059224923084
1303711,1782,0,0.00059224923084
1303716,1793,0,0.00059224923084
1303722,1793,0,0.00059224923084
1303728,1790,0,0.00059224923084
1304342,1782,0,0.00059224923084
1304346,1792,0,0.00059224923084
1304349,1792,1,0.00394832820558
1306761,1793,1,0.00394832820558
1390946,1814,1,0.00132126051498
1394575,1814,0,0.00059224923084
1394601,1814,0,0.00059224923084
1394610,1814,1,0.00394832820558
1655414,1816,2,0.00122151403861
1691871,1824,0,0.00059224923084
2095284,1796,0,0.00059224923084
2096950,1796,0,0.00059224923084
2098227,1796,0,0.00059224923084
2158753,1798,0,0.00059224923084
2160646,1794,0,0.00059224923084
2213364,1799,0,0.00059224923084
2215103,1796,0,0.00059224923084
2216108,1795,0,0.00059224923084
2217721,1798,0,0.00059224923084
2218550,1796,0,0.00059224923084
2219105,1796,0,0.00059224923084
2219671,1798,0,0.00059224923084
2220154,1796,0,0.00059224923084
2220732,1796,0,0.00059224923084
2223136,1799,0,0.00059224923084
2224213,1796,0,0.00059224923084
2224796,1798,0,0.00059224923084
2225264,1799,0,0.00059224923084
2225895,1797,0,0.00059224923084
2228460,1798,0,0.00059224923084
2229179,1795,0,0.00059224923084
2229888,1797,0,0.00059224923084
2230740,1795,0,0.00059224923084
2232416,1799,0,0.00059224923084
2273280,1796,0,0.00059224923084
2346358,1797,0,0.00059224923084
2347065,1796,0,0.00059224923084
2351149,1796,0,0.00059224923084
2381610,1786,0,0.00059224923084
2381613,1789,0,0.00059224923084
2381617,1788,0,0.00059224923084
2381620,1784,0,0.00059224923084
2381633,1782,0,0.00059224923084
2381641,1787,0,0.00059224923084
2381644,1788,0,0.00059224923084
2381647,1768,1,0.00394832820558
2381650,1788,0,0.00059224923084
2381653,1788,0,0.00059224923084
2381656,1788,0,0.00059224923084
2381659,1789,0,0.00059224923084
2381663,1789,0,0.00059224923084
2381666,1785,0,0.00059224923084
2381670,1788,0,0.00059224923084
2381683,1788,0,0.00059224923084
2381708,1786,0,0.00059224923084
2381711,1787,0,0.00059224923084
2381714,1782,0,0.00059224923084
2381715,1788,0,0.00059224923084
2381718,1782,0,0.00059224923084
2381723,1785,0,0.00059224923084
2381728,1768,1,0.00394832820558
2381730,1785,0,0.00059224923084
2381736,1789,0,0.00059224923084
2381741,1788,0,0.00059224923084
2381743,1784,0,0.00059224923084
2381750,1788,0,0.00059224923084
2381753,1773,0,0.00059224923084
2381756,1787,0,0.00059224923084
2381757,1785,0,0.00059224923084
2381760,1788,0,0.00059224923084
2381762,1781,0,0.00059224923084
2381764,1784,0,0.00059224923084
2381770,1789,0,0.00059224923084
2381772,1789,0,0.00059224923084
2381775,1788,0,0.00059224923084
2381777,1785,0,0.00059224923084
2381780,1788,0,0.00059224923084
2381785,1776,0,0.00059224923084
2381788,1764,0,0.00059224923084
2381791,1788,0,0.00059224923084
2381794,1780,0,0.00059224923084
2381795,1786,0,0.00059224923084
2381800,1788,0,0.00059224923084
2381802,1788,0,0.00059224923084
2381805,1785,0,0.00059224923084
2381807,1778,0,0.00059224923084
2381810,1789,0,0.00059224923084
2381816,1785,0,0.00059224923084
2381817,1778,0,0.00059224923084
2381820,1788,0,0.00059224923084
2419163,1808,1,0.00394832820558
2429567,1806,1,0.00394832820558
2429586,1806,1,0.00394832820558
2432524,1806,1,0.00394832820558
2490086,1813,1,0.00132126051498
2490089,1812,1,0.00394832820558
2490153,1812,1,0.00394832820558
2490201,1812,1,0.00394832820558
2490321,1812,1,0.00132126051498
2490480,1812,1,0.00394832820558
2518368,1815,1,0.00132126051498
2527082,1817,2,0.00171532066858
2620706,1827,0,0.00059224923084
2620768,1803,0,0.00059224923084
2620769,1803,0,0.00059224923084
2620770,1803,1,0.00109566107705
2620812,1829,1,0.00394832820558
2620813,1829,0,0.00059224923084
2620814,1804,1,0.00394832820558
2620815,1805,1,0.00394832820558
2620816,1805,1,0.00394832820558
2620817,1804,1,0.00394832820558
2620818,1791,0,0.00059224923084
2620819,1805,0,0.00059224923084
2620820,1805,0,0.00059224923084
2620821,1803,0,0.00059224923084
2620822,1802,0,0.00059224923084
2620823,1802,0,0.00059224923084
2620824,1800,0,0.00059224923084
2620825,1800,0,0.00059224923084
2620826,1794,0,0.00059224923084
2620828,1800,0,0.00059224923084
2620829,1800,0,0.00059224923084
2620830,1801,0,0.00059224923084
2620831,1797,0,0.00059224923084
2620833,1792,0,0.00059224923084
2620834,1800,0,0.00059224923084
2620835,1793,0,0.00059224923084
2620836,1803,0,0.00059224923084
2620837,1806,0,0.00059224923084
2620838,1806,0,0.00059224923084
2620839,1806,0,0.00059224923084
2620840,1793,0,0.00059224923084
2620841,1806,0,0.00059224923084
2620842,1793,1,0.00394832820558
2620843,1800,0,0.00059224923084
2620844,1795,0,0.00059224923084
2620845,1800,0,0.00059224923084
2620846,1806,0,0.00059224923084
2620847,1800,0,0.00059224923084
2620848,1799,0,0.00059224923084
2620849,1803,0,0.00059224923084
2620850,1802,0,0.00059224923084
2620851,1801,1,0.00394832820558
2620852,1800,0,0.00059224923084
2620853,1806,0,0.00059224923084
2620854,1800,0,0.00059224923084
2620856,1803,0,0.00059224923084
2620857,1796,0,0.00059224923084
2620858,1803,0,0.00059224923084
2620859,1792,0,0.00059224923084
2620860,1806,0,0.00059224923084
2620861,1794,1,0.00394832820558
2620862,1802,0,0.00059224923084
2620863,1800,0,0.00059224923084
2620864,1796,0,0.00059224923084
2620865,1802,0,0.00059224923084
2620866,1804,0,0.00059224923084
2620867,1806,0,0.00059224923084
2620868,1800,0,0.00059224923084
2620869,1791,0,0.00059224923084
2620870,1803,0,0.00059224923084
2620871,1806,0,0.00059224923084
2620972,1809,1,0.00394832820558
2620973,1809,1,0.00394832820558
2620974,1809,1,0.00394832820558
2620975,1809,1,0.00394832820558
810012,1760,0,0.00059224923084
84581,1754,0,0.00059224923084
84582,1759,0,0.00059224923084
84583,1760,0,0.00059224923084
84585,1763,0,0.00059224923084
84586,1764,1,0.00109566107705
84587,1764,0,0.00059224923084
84589,1768,0,0.00059224923084
84590,1773,0,0.00059224923084
84591,1773,0,0.00059224923084
84593,1778,0,0.00059224923084
84595,1780,1,0.00109566107705
84596,1780,0,0.00059224923084
84597,1781,0,0.00059224923084
84598,1782,1,0.00109566107705
84599,1783,0,0.00059224923084
84600,1783,0,0.00059224923084
84601,1781,0,0.00059224923084
84602,1784,0,0.00059224923084
84604,1784,0,0.00059224923084
84605,1784,0,0.00059224923084
84606,1785,0,0.00059224923084
84607,1785,0,0.00059224923084
84608,1785,0,0.00059224923084
84609,1785,0,0.00059224923084
84610,1786,0,0.00059224923084
84611,1786,0,0.00059224923084
84612,1786,0,0.00059224923084
84613,1786,0,0.00059224923084
84614,1787,0,0.00059224923084
84615,1787,0,0.00059224923084
84618,1788,0,0.00059224923084
84619,1788,0,0.00059224923084
84620,1788,1,0.00109566107705
84621,1788,0,0.00059224923084
84623,1788,0,0.00059224923084
84624,1788,0,0.00059224923084
84625,1789,0,0.00059224923084
84626,1789,0,0.00059224923084
84627,1789,0,0.00059224923084
84628,1789,0,0.00059224923084
84629,1789,0,0.00059224923084
84630,1781,0,0.00059224923084
84631,1781,0,0.00059224923084
84632,1782,0,0.00059224923084
84633,1788,0,0.00059224923084
84635,1790,0,0.00059224923084
84636,1790,0,0.00059224923084
84637,1790,0,0.00059224923084
84638,1790,0,0.00059224923084
84639,1790,0,0.00059224923084
84640,1790,0,0.00059224923084
84641,1790,0,0.00059224923084
84643,1766,0,0.00059224923084
84644,1781,0,0.00059224923084
84645,1781,0,0.00059224923084
84646,1785,0,0.00059224923084
84647,1786,0,0.00059224923084
84648,1787,0,0.00059224923084
84649,1788,0,0.00059224923084
84650,1789,0,0.00059224923084
84651,1790,0,0.00059224923084
84652,1791,0,0.00059224923084
84654,1792,0,0.00059224923084
84655,1792,0,0.00059224923084
84656,1792,0,0.00059224923084
84657,1792,0,0.00059224923084
84658,1793,0,0.00059224923084
84659,1793,0,0.00059224923084
84660,1794,0,0.00059224923084
84661,1795,0,0.00059224923084
84662,1795,0,0.00059224923084
84663,1795,0,0.00059224923084
84664,1796,0,0.00059224923084
84665,1796,0,0.00059224923084
84666,1796,0,0.00059224923084
84667,1797,0,0.00059224923084
84668,1797,0,0.00059224923084
84669,1792,0,0.00059224923084
84670,1791,0,0.00059224923084
84671,1794,1,0.00394832820558
84672,1796,0,0.00059224923084
84673,1796,0,0.00059224923084
84674,1797,0,0.00059224923084
84675,1797,0,0.00059224923084
84676,1798,0,0.00059224923084
84677,1790,0,0.00059224923084
84678,1791,0,0.00059224923084
84679,1792,0,0.00059224923084
84680,1792,0,0.00059224923084
84682,1793,0,0.00059224923084
84683,1794,0,0.00059224923084
84684,1795,0,0.00059224923084
84685,1795,0,0.00059224923084
84686,1796,0,0.00059224923084
84688,1796,0,0.00059224923084
84690,1797,0,0.00059224923084
84691,1797,0,0.00059224923084
84692,1797,0,0.00059224923084
84693,1797,0,0.00059224923084
84694,1798,0,0.00059224923084
84695,1798,0,0.00059224923084
84696,1799,0,0.00059224923084
84697,1799,1,0.00109566107705
84699,1798,0,0.00059224923084
84700,1798,0,0.00059224923084
84701,1799,0,0.00059224923084
84702,1799,0,0.00059224923084
84703,1799,0,0.00059224923084
84704,1799,0,0.00059224923084
84705,1799,0,0.00059224923084
84707,1799,0,0.00059224923084
84708,1800,0,0.00059224923084
84710,1800,0,0.00059224923084
84713,1804,0,0.00059224923084
84715,1794,1,0.00394832820558
84716,1795,0,0.00059224923084
84717,1798,0,0.00059224923084
84718,1799,0,0.00059224923084
84719,1799,0,0.00059224923084
84721,1800,0,0.00059224923084
84722,1800,0,0.00059224923084
84723,1800,0,0.00059224923084
84724,1800,0,0.00059224923084
84725,1801,0,0.00059224923084
84726,1801,0,0.00059224923084
84727,1802,0,0.00059224923084
84728,1792,0,0.00059224923084
84729,1802,0,0.00059224923084
84731,1803,0,0.00059224923084
84732,1803,0,0.00059224923084
84733,1804,0,0.00059224923084
84734,1804,0,0.00059224923084
84735,1804,0,0.00059224923084
84737,1805,0,0.00059224923084
84739,1800,0,0.00059224923084
84740,1800,0,0.00059224923084
84741,1801,1,0.00394832820558
84742,1801,0,0.00059224923084
84743,1802,0,0.00059224923084
84744,1803,0,0.00059224923084
84745,1804,0,0.00059224923084
84746,1804,0,0.00059224923084
84747,1804,0,0.00059224923084
84750,1806,0,0.00059224923084
84751,1806,0,0.00059224923084
84752,1806,0,0.00059224923084
84753,1806,0,0.00059224923084
84754,1801,0,0.00059224923084
84756,1801,0,0.00059224923084
84757,1801,0,0.00059224923084
84758,1801,0,0.00059224923084
84759,1803,0,0.00059224923084
84760,1803,0,0.00059224923084
84761,1803,0,0.00059224923084
84762,1803,0,0.00059224923084
84763,1803,0,0.00059224923084
84764,1803,0,0.00059224923084
84765,1803,0,0.00059224923084
84766,1803,0,0.00059224923084
84767,1803,0,0.00059224923084
84768,1803,0,0.00059224923084
84769,1803,0,0.00059224923084
84770,1803,0,0.00059224923084
84771,1803,0,0.00059224923084
84772,1803,0,0.00059224923084
84773,1803,0,0.00059224923084
84774,1803,0,0.00059224923084
84775,1803,0,0.00059224923084
84778,1804,0,0.00059224923084
84779,1804,0,0.00059224923084
84780,1804,0,0.00059224923084
84781,1804,0,0.00059224923084
84782,1804,0,0.00059224923084
84783,1804,0,0.00059224923084
84784,1804,0,0.00059224923084
84786,1804,0,0.00059224923084
84788,1805,0,0.00059224923084
84789,1805,0,0.00059224923084
84791,1805,0,0.00059224923084
84792,1805,0,0.00059224923084
84793,1805,0,0.00059224923084
84794,1805,0,0.00059224923084
84795,1805,0,0.00059224923084
84796,1805,0,0.00059224923084
84797,1805,0,0.00059224923084
84799,1805,0,0.00059224923084
84801,1805,0,0.00059224923084
84802,1805,1,0.00109566107705
84803,1805,0,0.00059224923084
84804,1805,0,0.00059224923084
84805,1805,0,0.00059224923084
84806,1805,0,0.00059224923084
84808,1805,0,0.00059224923084
84809,1806,1,0.00109566107705
84810,1806,0,0.00059224923084
84811,1806,1,0.00394832820558
84812,1806,0,0.00059224923084
84813,1806,0,0.00059224923084
84815,1806,0,0.00059224923084
84816,1806,0,0.00059224923084
84817,1806,0,0.00059224923084
84818,1806,0,0.00059224923084
84819,1806,0,0.00059224923084
84821,1806,0,0.00059224923084
84823,1806,0,0.00059224923084
84824,1806,0,0.00059224923084
84825,1806,0,0.00059224923084
84826,1806,0,0.00059224923084
84828,1806,0,0.00059224923084
84829,1806,0,0.00059224923084
84830,1806,0,0.00059224923084
84831,1806,0,0.00059224923084
84832,1806,0,0.00059224923084
84833,1806,0,0.00059224923084
84834,1807,0,0.00059224923084
84837,1807,0,0.00059224923084
84838,1807,0,0.00059224923084
84839,1807,0,0.00059224923084
84841,1807,0,0.00059224923084
84842,1807,0,0.00059224923084
84843,1807,0,0.00059224923084
84844,1807,0,0.00059224923084
84845,1807,0,0.00059224923084
84846,1807,1,0.00109566107705
84847,1807,0,0.00059224923084
84848,1807,0,0.00059224923084
84849,1807,0,0.00059224923084
84851,1807,0,0.00059224923084
84852,1807,0,0.00059224923084
84853,1808,0,0.00059224923084
84854,1808,0,0.00059224923084
84855,1808,0,0.00059224923084
84856,1808,0,0.00059224923084
84858,1808,0,0.00059224923084
84859,1808,0,0.00059224923084
84860,1808,0,0.00059224923084
84862,1808,0,0.00059224923084
84863,1808,0,0.00059224923084
84865,1808,0,0.00059224923084
84866,1808,0,0.00059224923084
84867,1808,0,0.00059224923084
84868,1808,0,0.00059224923084
84869,1808,0,0.00059224923084
84870,1808,0,0.00059224923084
84872,1808,0,0.00059224923084
84873,1808,1,0.00394832820558
84874,1808,0,0.00059224923084
84875,1808,0,0.00059224923084
84876,1808,0,0.00059224923084
84877,1808,1,0.00109566107705
84878,1808,0,0.00059224923084
84879,1808,0,0.00059224923084
84880,1808,0,0.00059224923084
84881,1808,0,0.00059224923084
84882,1808,1,0.00109566107705
84884,1809,1,0.00394832820558
84885,1809,0,0.00059224923084
84886,1809,0,0.00059224923084
84887,1809,0,0.00059224923084
84888,1809,0,0.00059224923084
84889,1809,0,0.00059224923084
84891,1809,0,0.00059224923084
84892,1809,0,0.00059224923084
84893,1809,0,0.00059224923084
84894,1809,0,0.00059224923084
84895,1809,0,0.00059224923084
84896,1809,0,0.00059224923084
84898,1809,0,0.00059224923084
84901,1809,0,0.00059224923084
84903,1809,0,0.00059224923084
84904,1809,0,0.00059224923084
84906,1809,1,0.00394832820558
84907,1809,1,0.00394832820558
84908,1809,0,0.00059224923084
84909,1809,1,0.00109566107705
84910,1809,0,0.00059224923084
84911,1809,1,0.00394832820558
84912,1809,0,0.00059224923084
84913,1809,0,0.00059224923084
84914,1809,0,0.00059224923084
84915,1809,0,0.00059224923084
84916,1809,0,0.00059224923084
84917,1809,1,0.00394832820558
84918,1809,1,0.00394832820558
84919,1809,0,0.00059224923084
84920,1809,0,0.00059224923084
84921,1809,0,0.00059224923084
84922,1809,1,0.00394832820558
84923,1809,1,0.00394832820558
84924,1809,0,0.00059224923084
84925,1809,0,0.00059224923084
84926,1810,0,0.00059224923084
84928,1810,0,0.00059224923084
84929,1810,1,0.00109566107705
84930,1810,0,0.00059224923084
84932,1810,0,0.00059224923084
84933,1810,0,0.00059224923084
84934,1810,0,0.00059224923084
84935,1810,0,0.00059224923084
84937,1810,0,0.00059224923084
84938,1810,0,0.00059224923084
84939,1810,0,0.00059224923084
84940,1810,0,0.00059224923084
84941,1810,0,0.00059224923084
84942,1810,1,0.00394832820558
84943,1810,1,0.00394832820558
84945,1810,0,0.00059224923084
84946,1810,0,0.00059224923084
84947,1810,0,0.00059224923084
84948,1810,0,0.00059224923084
84950,1810,0,0.00059224923084
84952,1810,2,0.00576242494868
84953,1810,1,0.00304127983403
84954,1810,0,0.00059224923084
84955,1810,0,0.00059224923084
84956,1810,0,0.00059224923084
84958,1810,0,0.00059224923084
84959,1810,0,0.00059224923084
84960,1810,1,0.00394832820558
84961,1810,1,0.00394832820558
84962,1810,0,0.00059224923084
84963,1810,0,0.00059224923084
84964,1812,0,0.00059224923084
84965,1812,0,0.00059224923084
84966,1812,0,0.00059224923084
84967,1812,0,0.00059224923084
84968,1812,0,0.00059224923084
84971,1812,0,0.00059224923084
84972,1812,0,0.00059224923084
84973,1812,1,0.00171532066857
84974,1812,1,0.00132126051498
84975,1812,1,0.00394832820558
84976,1812,1,0.00394832820558
84977,1812,0,0.00059224923084
84978,1812,0,0.00059224923084
84980,1812,0,0.00059224923084
84981,1812,0,0.00059224923084
84982,1812,0,0.00059224923084
84983,1812,0,0.00059224923084
84984,1812,0,0.00059224923084
84986,1812,0,0.00059224923084
84988,1812,0,0.00059224923084
84989,1812,1,0.00109566107705
84990,1812,0,0.00059224923084
84991,1812,0,0.00059224923084
84992,1812,0,0.00059224923084
84993,1812,0,0.00059224923084
84994,1812,0,0.00059224923084
84995,1812,0,0.00059224923084
84996,1812,0,0.00059224923084
84997,1812,0,0.00059224923084
84998,1812,0,0.00059224923084
84999,1812,0,0.00059224923084
85000,1813,0,0.00059224923084
85001,1813,1,0.00109566107705
85002,1813,0,0.00059224923084
85003,1813,0,0.00059224923084
85004,1813,0,0.00059224923084
85005,1813,0,0.00059224923084
85006,1813,0,0.00059224923084
85007,1813,0,0.00059224923084
85008,1813,1,0.00394832820558
85009,1813,1,0.00394832820558
85010,1813,1,0.00394832820558
85011,1813,1,0.00394832820558
85012,1813,0,0.00059224923084
85013,1813,0,0.00059224923084
85014,1813,0,0.00059224923084
85016,1813,0,0.00059224923084
85017,1813,0,0.00059224923084
85018,1813,0,0.00059224923084
85019,1813,0,0.00059224923084
85020,1813,0,0.00059224923084
85021,1813,0,0.00059224923084
85022,1813,0,0.00059224923084
85023,1813,0,0.00059224923084
85024,1813,0,0.00059224923084
85025,1813,1,0.00171532066857
85026,1813,1,0.00132126051498
85028,1813,0,0.00059224923084
85030,1813,0,0.00059224923084
85031,1813,0,0.00059224923084
85033,1813,0,0.00059224923084
85035,1813,0,0.00059224923084
85036,1813,0,0.00059224923084
85038,1813,0,0.00059224923084
85039,1813,0,0.00059224923084
85040,1813,1,0.00394832820558
85041,1813,1,0.00394832820558
85042,1813,0,0.00059224923084
85043,1813,0,0.00059224923084
85044,1813,0,0.00059224923084
85047,1814,0,0.00059224923084
85048,1814,0,0.00059224923084
85049,1814,0,0.00059224923084
85050,1814,0,0.00059224923084
85051,1814,0,0.00059224923084
85052,1814,0,0.00059224923084
85053,1814,0,0.00059224923084
85054,1814,0,0.00059224923084
85055,1814,1,0.00109566107705
85056,1814,0,0.00059224923084
85057,1814,1,0.00132126051498
85058,1814,1,0.00171532066857
85059,1814,0,0.00059224923084
85060,1814,0,0.00059224923084
85061,1814,0,0.00059224923084
85062,1814,0,0.00059224923084
85063,1814,0,0.00059224923084
85066,1814,0,0.00059224923084
85067,1814,0,0.00059224923084
85069,1814,0,0.00059224923084
85072,1814,1,0.00394832820558
85073,1814,0,0.00059224923084
85074,1814,0,0.00059224923084
85075,1814,0,0.00059224923084
85076,1814,0,0.00059224923084
85077,1814,0,0.00059224923084
85078,1814,0,0.00059224923084
85079,1814,0,0.00059224923084
85080,1814,0,0.00059224923084
85081,1814,0,0.00059224923084
85083,1814,0,0.00059224923084
85084,1814,0,0.00059224923084
85086,1814,0,0.00059224923084
85087,1814,0,0.00059224923084
85088,1814,0,0.00059224923084
85089,1815,1,0.00109566107705
85090,1815,0,0.00059224923084
85091,1815,0,0.00059224923084
85093,1815,0,0.00059224923084
85094,1815,0,0.00059224923084
85096,1815,0,0.00059224923084
85097,1815,0,0.00059224923084
85098,1815,0,0.00059224923084
85099,1815,0,0.00059224923084
85100,1815,0,0.00059224923084
85101,1815,0,0.00059224923084
85102,1815,0,0.00059224923084
85103,1815,0,0.00059224923084
85105,1815,0,0.00059224923084
85107,1815,0,0.00059224923084
85108,1815,0,0.00059224923084
85109,1815,0,0.00059224923084
85110,1815,1,0.00171532066857
85111,1815,1,0.00132126051498
85112,1815,0,0.00059224923084
85113,1815,0,0.00059224923084
85114,1815,0,0.00059224923084
85115,1815,0,0.00059224923084
85117,1815,0,0.00059224923084
85119,1815,0,0.00059224923084
85121,1815,0,0.00059224923084
85122,1815,0,0.00059224923084
85123,1815,0,0.00059224923084
85126,1815,0,0.00059224923084
85128,1815,0,0.00059224923084
85129,1816,0,0.00059224923084
85130,1816,1,0.00109566107705
85131,1816,2,0.00159907292327
85132,1816,0,0.00059224923084
85133,1816,0,0.00059224923084
85134,1816,0,0.00059224923084
85136,1816,0,0.00059224923084
85137,1816,0,0.00059224923084
85138,1816,0,0.00059224923084
85139,1816,1,0.00109566107705
85140,1816,0,0.00059224923084
85141,1816,0,0.00059224923084
85142,1816,0,0.00059224923084
85143,1816,0,0.00059224923084
85144,1816,0,0.00059224923084
85145,1816,0,0.00059224923084
85146,1816,0,0.00059224923084
85147,1816,0,0.00059224923084
85148,1816,0,0.00059224923084
85149,1816,0,0.00059224923084
85150,1816,0,0.00059224923084
85151,1816,0,0.00059224923084
85152,1816,0,0.00059224923084
85153,1816,1,0.00109566107705
85154,1816,1,0.00109566107705
85155,1816,0,0.00059224923084
85156,1816,0,0.00059224923084
85157,1816,0,0.00059224923084
85158,1816,0,0.00059224923084
85159,1816,0,0.00059224923084
85160,1816,5,0.00310930846191
85161,1816,0,0.00059224923084
85162,1816,0,0.00059224923084
85163,1816,3,0.00184117363013
85164,1816,0,0.00059224923084
85165,1816,0,0.00059224923084
85166,1816,1,0.00109566107705
85167,1816,0,0.00059224923084
85168,1816,0,0.00059224923084
85169,1816,3,0.00210248476948
85170,1816,0,0.00059224923084
85171,1817,1,0.00109566107705
85172,1817,0,0.00059224923084
85173,1817,0,0.00059224923084
85174,1817,0,0.00059224923084
85175,1817,0,0.00059224923084
85176,1817,0,0.00059224923084
85177,1817,0,0.00059224923084
85178,1817,1,0.000718102192393
85179,1817,0,0.00059224923084
85180,1817,0,0.00059224923084
85181,1817,0,0.00059224923084
85182,1817,0,0.00059224923084
85183,1817,1,0.00132126051498
85184,1817,0,0.00059224923084
85186,1817,1,0.00205027179913
85187,1817,0,0.00059224923084
85189,1817,0,0.00059224923084
85191,1817,0,0.00059224923084
85192,1817,0,0.00059224923084
85193,1817,0,0.00059224923084
85194,1817,0,0.00059224923084
85195,1817,1,0.000718102192393
85196,1817,0,0.00059224923084
85197,1817,0,0.00059224923084
85198,1817,0,0.00059224923084
85199,1817,0,0.00059224923084
85200,1817,1,0.00109566107705
85201,1817,0,0.00059224923084
85203,1817,0,0.00059224923084
85204,1817,0,0.00059224923084
85205,1817,0,0.00059224923084
85206,1817,0,0.00059224923084
85207,1817,0,0.00059224923084
85208,1817,0,0.00059224923084
85209,1817,0,0.00059224923084
85210,1817,1,0.00109566107705
85211,1817,0,0.00059224923084
85212,1817,3,0.00210248476948
85213,1818,0,0.00059224923084
85215,1818,0,0.00059224923084
85216,1818,1,0.00394832820558
85217,1818,1,0.00394832820558
85218,1818,1,0.00394832820558
85219,1818,1,0.00394832820558
85220,1818,0,0.00059224923084
85221,1818,0,0.00059224923084
85222,1818,0,0.00059224923084
85223,1818,0,0.00059224923084
85225,1818,0,0.00059224923084
85226,1818,0,0.00059224923084
85228,1818,0,0.00059224923084
85229,1818,1,0.00394832820558
85230,1818,0,0.00059224923084
85231,1818,0,0.00059224923084
85232,1818,0,0.00059224923084
85233,1818,0,0.00059224923084
85234,1818,0,0.00059224923084
85236,1818,0,0.00059224923084
85237,1818,0,0.00059224923084
85238,1818,0,0.00059224923084
85240,1818,0,0.00059224923084
85241,1818,0,0.00059224923084
85242,1818,0,0.00059224923084
85243,1818,0,0.00059224923084
85245,1818,0,0.00059224923084
85246,1818,0,0.00059224923084
85247,1818,0,0.00059224923084
85249,1818,0,0.00059224923084
85250,1819,1,0.00109566107705
85251,1819,0,0.00059224923084
85252,1819,1,0.00394832820558
85253,1819,1,0.00394832820558
85254,1819,0,0.00059224923084
85255,1819,0,0.00059224923084
85257,1819,0,0.00059224923084
85258,1819,0,0.00059224923084
85259,1819,1,0.00394832820558
85260,1819,1,0.00394832820558
85261,1819,0,0.00059224923084
85263,1819,0,0.00059224923084
85264,1819,0,0.00059224923084
85265,1819,0,0.00059224923084
85266,1819,0,0.00059224923084
85267,1819,0,0.00059224923084
85268,1819,0,0.00059224923084
85270,1819,0,0.00059224923084
85271,1819,0,0.00059224923084
85272,1819,0,0.00059224923084
85273,1819,0,0.00059224923084
85274,1819,0,0.00059224923084
85275,1819,0,0.00059224923084
85278,1819,0,0.00059224923084
85279,1819,0,0.00059224923084
85280,1819,0,0.00059224923084
85281,1819,0,0.00059224923084
85283,1820,0,0.00059224923084
85284,1820,0,0.00059224923084
85285,1820,0,0.00059224923084
85286,1820,0,0.00059224923084
85288,1820,0,0.00059224923084
85290,1820,0,0.00059224923084
85292,1820,0,0.00059224923084
85293,1820,0,0.00059224923084
85294,1820,0,0.00059224923084
85297,1820,0,0.00059224923084
85298,1820,0,0.00059224923084
85300,1820,0,0.00059224923084
85301,1820,0,0.00059224923084
85302,1820,0,0.00059224923084
85304,1820,0,0.00059224923084
85305,1820,0,0.00059224923084
85306,1820,0,0.00059224923084
85307,1820,0,0.00059224923084
85308,1820,0,0.00059224923084
85309,1820,0,0.00059224923084
85310,1821,0,0.00059224923084
85311,1821,0,0.00059224923084
85312,1821,0,0.00059224923084
85313,1821,0,0.00059224923084
85314,1821,0,0.00059224923084
85315,1821,0,0.00059224923084
85316,1821,0,0.00059224923084
85317,1821,0,0.00059224923084
85318,1821,0,0.00059224923084
85319,1821,0,0.00059224923084
85320,1821,0,0.00059224923084
85321,1821,0,0.00059224923084
85322,1821,0,0.00059224923084
85323,1821,0,0.00059224923084
85324,1821,1,0.00109566107705
85325,1821,0,0.00059224923084
85326,1821,0,0.00059224923084
85327,1821,0,0.00059224923084
85328,1821,0,0.00059224923084
85329,1821,0,0.00059224923084
85330,1821,0,0.00059224923084
85331,1821,0,0.00059224923084
85332,1821,1,0.000760053179578
85333,1821,0,0.00059224923084
85334,1821,0,0.00059224923084
85335,1821,0,0.00059224923084
85336,1821,0,0.00059224923084
85337,1821,0,0.00059224923084
85340,1821,0,0.00059224923084
85341,1821,0,0.00059224923084
85342,1821,0,0.00059224923084
85343,1821,0,0.00059224923084
85344,1821,0,0.00059224923084
85345,1821,0,0.00059224923084
85346,1821,0,0.00059224923084
85348,1821,0,0.00059224923084
85349,1821,0,0.00059224923084
85350,1821,0,0.00059224923084
85351,1821,0,0.00059224923084
85352,1822,0,0.00059224923084
85353,1822,0,0.00059224923084
85354,1822,2,0.00134736700016
85355,1822,0,0.00059224923084
85356,1822,0,0.00059224923084
85357,1822,0,0.00059224923084
85358,1822,0,0.00059224923084
85359,1822,0,0.00059224923084
85360,1822,0,0.00059224923084
85361,1822,1,0.000843955153947
85362,1822,0,0.00059224923084
85363,1822,1,0.000843955153947
85364,1822,1,0.00109566107705
85365,1822,0,0.00059224923084
85366,1822,0,0.00059224923084
85367,1822,0,0.00059224923084
85368,1822,0,0.00059224923084
85370,1822,0,0.00059224923084
85371,1822,0,0.00059224923084
85372,1822,0,0.00059224923084
85373,1822,0,0.00059224923084
85374,1822,0,0.00059224923084
85375,1822,0,0.00059224923084
85376,1822,0,0.00059224923084
85377,1822,1,0.00109566107705
85378,1822,0,0.00059224923084
85379,1822,0,0.00059224923084
85380,1822,0,0.00059224923084
85382,1823,1,0.00109566107705
85384,1823,0,0.00059224923084
85385,1822,0,0.00059224923084
85386,1823,0,0.00059224923084
85387,1823,0,0.00059224923084
85389,1823,0,0.00059224923084
85390,1823,0,0.00059224923084
85391,1823,0,0.00059224923084
85392,1823,0,0.00059224923084
85393,1823,0,0.00059224923084
85394,1823,0,0.00059224923084
85396,1823,0,0.00059224923084
85397,1823,0,0.00059224923084
85398,1823,1,0.00109566107705
85399,1823,0,0.00059224923084
85401,1823,1,0.000760053179578
85402,1823,1,0.00109566107705
85404,1823,0,0.00059224923084
85405,1823,0,0.00059224923084
85406,1823,0,0.00059224923084
85407,1823,0,0.00059224923084
85408,1823,0,0.00059224923084
85409,1823,0,0.00059224923084
85410,1823,0,0.00059224923084
85411,1823,0,0.00059224923084
85412,1824,0,0.00059224923084
85413,1824,1,0.00109566107705
85414,1824,0,0.00059224923084
85415,1824,0,0.00059224923084
85416,1824,0,0.00059224923084
85417,1824,0,0.00059224923084
85418,1824,0,0.00059224923084
85419,1824,0,0.00059224923084
85420,1824,0,0.00059224923084
85421,1824,0,0.00059224923084
85423,1824,0,0.00059224923084
85424,1824,1,0.00109566107705
85425,1824,0,0.00059224923084
85426,1824,0,0.00059224923084
85427,1824,0,0.00059224923084
85428,1824,0,0.00059224923084
85429,1824,1,0.00109566107705
85430,1824,0,0.00059224923084
85431,1824,0,0.00059224923084
85432,1824,1,0.000760053179578
85433,1824,0,0.00059224923084
85434,1824,0,0.00059224923084
85435,1824,0,0.00059224923084
85436,1824,0,0.00059224923084
85437,1824,0,0.00059224923084
85438,1824,0,0.00059224923084
85439,1824,0,0.00059224923084
85440,1824,0,0.00059224923084
85441,1824,0,0.00059224923084
85442,1824,0,0.00059224923084
85444,1824,0,0.00059224923084
85445,1824,0,0.00059224923084
85446,1824,0,0.00059224923084
85448,1824,0,0.00059224923084
85449,1824,0,0.00059224923084
85450,1824,1,0.000760053179578
85451,1824,1,0.000843955153947
85452,1824,0,0.00059224923084
85453,1825,0,0.00059224923084
85454,1825,0,0.00059224923084
85455,1825,0,0.00059224923084
85456,1825,0,0.00059224923084
85457,1825,0,0.00059224923084
85458,1825,0,0.00059224923084
85459,1825,0,0.00059224923084
85460,1825,0,0.00059224923084
85461,1825,0,0.00059224923084
85462,1825,0,0.00059224923084
85463,1825,0,0.00059224923084
85464,1825,0,0.00059224923084
85465,1825,0,0.00059224923084
85466,1825,0,0.00059224923084
85467,1825,1,0.00109566107705
85468,1825,0,0.00059224923084
85469,1825,0,0.00059224923084
85470,1825,0,0.00059224923084
85471,1825,0,0.00059224923084
85472,1825,0,0.00059224923084
85473,1825,0,0.00059224923084
85474,1825,0,0.00059224923084
85475,1825,0,0.00059224923084
85476,1825,0,0.00059224923084
85477,1825,1,0.000843955153947
85478,1825,0,0.00059224923084
85479,1825,0,0.00059224923084
85480,1826,0,0.00059224923084
85481,1826,0,0.00059224923084
85482,1826,0,0.00059224923084
85483,1826,0,0.00059224923084
85485,1826,0,0.00059224923084
85486,1826,1,0.000760053179578
85488,1826,0,0.00059224923084
85489,1826,0,0.00059224923084
85490,1826,0,0.00059224923084
85491,1826,1,0.00109566107705
85492,1826,0,0.00059224923084
85493,1826,0,0.00059224923084
85494,1826,0,0.00059224923084
85495,1826,1,0.00109566107705
85496,1826,0,0.00059224923084
85498,1826,0,0.00059224923084
85499,1826,0,0.00059224923084
85500,1826,0,0.00059224923084
85501,1826,0,0.00059224923084
85502,1826,0,0.00059224923084
85503,1826,0,0.00059224923084
85504,1826,0,0.00059224923084
85505,1826,0,0.00059224923084
85506,1826,0,0.00059224923084
85508,1826,0,0.00059224923084
85509,1826,0,0.00059224923084
85510,1826,0,0.00059224923084
85511,1826,0,0.00059224923084
85512,1826,0,0.00059224923084
85513,1827,0,0.00059224923084
85514,1827,0,0.00059224923084
85515,1827,0,0.00059224923084
85516,1827,1,0.00109566107705
85517,1827,2,0.00159907292327
85518,1827,0,0.00059224923084
85519,1827,0,0.00059224923084
85520,1827,1,0.000760053179578
85521,1827,1,0.00109566107705
85522,1827,0,0.00059224923084
85523,1827,0,0.00059224923084
85524,1827,0,0.00059224923084
85525,1827,0,0.00059224923084
85526,1827,1,0.00109566107705
85528,1827,0,0.00059224923084
85529,1827,0,0.00059224923084
85530,1827,0,0.00059224923084
85531,1827,0,0.00059224923084
85532,1827,0,0.00059224923084
85533,1827,0,0.00059224923084
85534,1827,0,0.00059224923084
85535,1827,0,0.00059224923084
85536,1827,0,0.00059224923084
85537,1827,0,0.00059224923084
85538,1827,0,0.00059224923084
85539,1827,0,0.00059224923084
85540,1827,0,0.00059224923084
85541,1827,0,0.00059224923084
85542,1827,1,0.000843955153947
85543,1827,0,0.00059224923084
85544,1827,0,0.00059224923084
85545,1827,0,0.00059224923084
85546,1827,0,0.00059224923084
85547,1827,0,0.00059224923084
85548,1827,0,0.00059224923084
85549,1827,0,0.00059224923084
85550,1827,0,0.00059224923084
85551,1827,0,0.00059224923084
85552,1827,0,0.00059224923084
85553,1827,0,0.00059224923084
85554,1827,0,0.00059224923084
85555,1827,0,0.00059224923084
85556,1827,0,0.00059224923084
85558,1827,0,0.00059224923084
85559,1828,0,0.00059224923084
85560,1828,0,0.00059224923084
85561,1828,0,0.00059224923084
85562,1828,0,0.00059224923084
85563,1828,0,0.00059224923084
85564,1828,0,0.00059224923084
85565,1828,0,0.00059224923084
85566,1828,0,0.00059224923084
85567,1828,0,0.00059224923084
85568,1828,0,0.00059224923084
85569,1828,0,0.00059224923084
85570,1828,0,0.00059224923084
85571,1828,0,0.00059224923084
85572,1828,0,0.00059224923084
85573,1828,0,0.00059224923084
85574,1828,0,0.00059224923084
85575,1828,0,0.00059224923084
85576,1828,0,0.00059224923084
85577,1828,0,0.00059224923084
85578,1828,0,0.00059224923084
85579,1828,0,0.00059224923084
85580,1828,0,0.00059224923084
85581,1828,0,0.00059224923084
85582,1828,0,0.00059224923084
85583,1828,0,0.00059224923084
85584,1828,0,0.00059224923084
85585,1828,0,0.00059224923084
85586,1828,0,0.00059224923084
85587,1828,0,0.00059224923084
85588,1828,0,0.00059224923084
85590,1828,0,0.00059224923084
85591,1828,0,0.00059224923084
85592,1828,0,0.00059224923084
85593,1828,0,0.00059224923084
85594,1828,0,0.00059224923084
85595,1828,0,0.00059224923084
85596,1828,0,0.00059224923084
85597,1828,0,0.00059224923084
85600,1828,0,0.00059224923084
85602,1828,0,0.00059224923084
85604,1828,0,0.00059224923084
85605,1828,0,0.00059224923084
85606,1828,0,0.00059224923084
85607,1828,0,0.00059224923084
85608,1828,0,0.00059224923084
85609,1828,0,0.00059224923084
85610,1828,0,0.00059224923084
85611,1828,0,0.00059224923084
85612,1828,0,0.00059224923084
85613,1828,0,0.00059224923084
85614,1829,0,0.00059224923084
85615,1829,0,0.00059224923084
85616,1829,0,0.00059224923084
85617,1829,0,0.00059224923084
85619,1829,0,0.00059224923084
85620,1829,0,0.00059224923084
85621,1829,0,0.00059224923084
85622,1829,0,0.00059224923084
85623,1829,0,0.00059224923084
85624,1829,0,0.00059224923084
85625,1829,0,0.00059224923084
85626,1829,0,0.00059224923084
85627,1829,0,0.00059224923084
85628,1829,0,0.00059224923084
85629,1829,0,0.00059224923084
85630,1829,0,0.00059224923084
85631,1829,0,0.00059224923084
85632,1829,0,0.00059224923084
85633,1829,0,0.00059224923084
85635,1829,1,0.00109566107705
85637,1829,0,0.00059224923084
85638,1829,0,0.00059224923084
85639,1829,0,0.00059224923084
85640,1829,0,0.00059224923084
85642,1829,0,0.00059224923084
85643,1829,0,0.00059224923084
85644,1829,0,0.00059224923084
85645,1829,0,0.00059224923084
85646,1829,0,0.00059224923084
85647,1829,0,0.00059224923084
85648,1829,1,0.00394832820558
85649,1829,0,0.00059224923084
85650,1829,0,0.00059224923084
85651,1829,0,0.00059224923084
85652,1829,0,0.00059224923084
85653,1829,0,0.00059224923084
85654,1829,0,0.00059224923084
85655,1829,0,0.00059224923084
85656,1829,0,0.00059224923084
85657,1830,0,0.00059224923084
85658,1830,0,0.00059224923084
85659,1830,0,0.00059224923084
85660,1830,0,0.00059224923084
85661,1830,0,0.00059224923084
85662,1830,0,0.00059224923084
85663,1830,0,0.00059224923084
85664,1830,0,0.00059224923084
85665,1830,0,0.00059224923084
85666,1830,0,0.00059224923084
85667,1830,0,0.00059224923084
85668,1830,0,0.00059224923084
85669,1830,0,0.00059224923084
85670,1830,0,0.00059224923084
85671,1830,0,0.00059224923084
85672,1830,0,0.00059224923084
85673,1830,0,0.00059224923084
85674,1830,0,0.00059224923084
85675,1830,0,0.00059224923084
85676,1830,0,0.00059224923084
85677,1830,0,0.00059224923084
85678,1830,0,0.00059224923084
85679,1830,0,0.00059224923084
85680,1830,1,0.00109566107705
85681,1830,0,0.00059224923084
85682,1830,0,0.00059224923084
85683,1830,0,0.00059224923084
85684,1830,0,0.00059224923084
85685,1830,0,0.00059224923084
85686,1830,0,0.00059224923084
85687,1830,0,0.00059224923084
85688,1830,0,0.00059224923084
85689,1830,0,0.00059224923084
85691,1830,0,0.00059224923084
85692,1830,0,0.00059224923084
85693,1830,0,0.00059224923084
85695,1830,0,0.00059224923084
85696,1830,0,0.00059224923084
85697,1830,0,0.00059224923084
85698,1830,0,0.00059224923084
85700,1830,0,0.00059224923084
85701,1830,0,0.00059224923084
85702,1830,0,0.00059224923084
85704,1830,0,0.00059224923084
85705,1830,0,0.00059224923084
85706,1830,0,0.00059224923084
85707,1830,0,0.00059224923084
85708,1830,0,0.00059224923084
85709,1830,0,0.00059224923084
85710,1830,0,0.00059224923084
85711,1830,0,0.00059224923084
85712,1830,0,0.00059224923084
85713,1830,0,0.00059224923084
85714,1830,0,0.00059224923084
