CLid,indegree,l_pagerank,age
1087659,0,-7.93835477097,13
1087736,0,-7.93835477097,21
1087764,1,-6.04123478609,6
1087976,0,-7.93835477097,30
1101065,0,-7.93835477097,32
1101108,0,-7.93835477097,32
1101120,1,-6.04123478609,32
1101123,1,-6.87492699442,32
1101126,0,-7.93835477097,32
1101162,1,-7.13594081979,32
1101164,0,-7.93835477097,32
1119427,1,-6.04123478609,40
1119486,1,-6.04123478609,40
1143192,1,-6.30224861146,40
1299599,0,-7.93835477097,58
1299604,0,-7.93835477097,54
1299616,0,-7.93835477097,57
1299622,0,-7.93835477097,54
1299628,0,-7.93835477097,58
1299643,0,-7.93835477097,58
1300133,0,-7.93835477097,54
1300139,0,-7.93835477097,52
1300161,1,-6.04123478609,57
1300165,0,-7.93835477097,57
1303430,1,-6.04123478609,57
1303451,0,-7.93835477097,55
1303460,1,-6.04123478609,56
1303466,0,-7.93835477097,55
1303472,0,-7.93835477097,59
1303477,0,-7.93835477097,55
1303496,1,-6.04123478609,58
1303501,0,-7.93835477097,57
1303508,0,-7.93835477097,60
1303513,0,-7.93835477097,59
1303519,0,-7.93835477097,65
1303525,0,-7.93835477097,55
1303532,0,-7.93835477097,55
1303537,0,-7.93835477097,57
1303592,0,-7.93835477097,58
1303599,0,-7.93835477097,55
1303605,0,-7.93835477097,54
1303625,0,-7.93835477097,53
1303682,0,-7.93835477097,59
1303689,0,-7.93835477097,55
1303693,0,-7.93835477097,53
1303706,0,-7.93835477097,60
1303711,0,-7.93835477097,68
1303716,0,-7.93835477097,57
1303722,0,-7.93835477097,57
1303728,0,-7.93835477097,60
1304342,0,-7.93835477097,68
1304346,0,-7.93835477097,58
1304349,1,-6.04123478609,58
1306761,1,-6.04123478609,57
1318977,1,-7.13594081979,3
1327335,0,-7.93835477097,14
1327338,0,-7.93835477097,14
1370564,0,-7.93835477097,0
1383887,1,-6.04123478609,4
1390946,1,-7.13594081979,36
1394575,0,-7.93835477097,36
1394601,0,-7.93835477097,36
1394610,1,-6.04123478609,36
1611707,1,-6.04123478609,18
1614072,1,-6.04123478609,18
1615134,1,-6.04123478609,18
1619945,0,-7.93835477097,18
1655414,2,-7.21443593175,34
1691871,0,-7.93835477097,26
2011405,1,-6.04123478609,5
2012204,1,-6.04123478609,5
2012233,1,-6.04123478609,5
2095284,0,-7.93835477097,54
2096950,0,-7.93835477097,54
2098227,0,-7.93835477097,54
2158753,0,-7.93835477097,52
2160646,0,-7.93835477097,56
2213364,0,-7.93835477097,51
2215103,0,-7.93835477097,54
2216108,0,-7.93835477097,55
2217721,0,-7.93835477097,52
2218550,0,-7.93835477097,54
2219105,0,-7.93835477097,54
2219671,0,-7.93835477097,52
2220154,0,-7.93835477097,54
2220732,0,-7.93835477097,54
2223136,0,-7.93835477097,51
2224213,0,-7.93835477097,54
2224796,0,-7.93835477097,52
2225264,0,-7.93835477097,51
2225895,0,-7.93835477097,53
2228460,0,-7.93835477097,52
2229179,0,-7.93835477097,55
2229888,0,-7.93835477097,53
2230740,0,-7.93835477097,55
2232416,0,-7.93835477097,51
2273280,0,-7.93835477097,54
2346358,0,-7.93835477097,53
2347065,0,-7.93835477097,54
2351149,0,-7.93835477097,54
2381610,0,-7.93835477097,64
2381613,0,-7.93835477097,61
2381617,0,-7.93835477097,62
2381620,0,-7.93835477097,66
2381633,0,-7.93835477097,68
2381641,0,-7.93835477097,63
2381644,0,-7.93835477097,62
2381647,1,-6.04123478609,82
2381650,0,-7.93835477097,62
2381653,0,-7.93835477097,62
2381656,0,-7.93835477097,62
2381659,0,-7.93835477097,61
2381663,0,-7.93835477097,61
2381666,0,-7.93835477097,65
2381670,0,-7.93835477097,62
2381683,0,-7.93835477097,62
2381708,0,-7.93835477097,64
2381711,0,-7.93835477097,63
2381714,0,-7.93835477097,68
2381715,0,-7.93835477097,62
2381718,0,-7.93835477097,68
2381723,0,-7.93835477097,65
2381728,1,-6.04123478609,82
2381730,0,-7.93835477097,65
2381736,0,-7.93835477097,61
2381741,0,-7.93835477097,62
2381743,0,-7.93835477097,66
2381750,0,-7.93835477097,62
2381753,0,-7.93835477097,77
2381756,0,-7.93835477097,63
2381757,0,-7.93835477097,65
2381760,0,-7.93835477097,62
2381762,0,-7.93835477097,69
2381764,0,-7.93835477097,66
2381770,0,-7.93835477097,61
2381772,0,-7.93835477097,61
2381775,0,-7.93835477097,62
2381777,0,-7.93835477097,65
2381780,0,-7.93835477097,62
2381785,0,-7.93835477097,74
2381788,0,-7.93835477097,86
2381791,0,-7.93835477097,62
2381794,0,-7.93835477097,70
2381795,0,-7.93835477097,64
2381800,0,-7.93835477097,62
2381802,0,-7.93835477097,62
2381805,0,-7.93835477097,65
2381807,0,-7.93835477097,72
2381810,0,-7.93835477097,61
2381816,0,-7.93835477097,65
2381817,0,-7.93835477097,72
2381820,0,-7.93835477097,62
2419163,1,-6.04123478609,42
2429567,1,-6.04123478609,44
2429586,1,-6.04123478609,44
2432524,1,-6.04123478609,44
2490086,1,-7.13594081979,37
2490089,1,-6.04123478609,38
2490153,1,-6.04123478609,38
2490201,1,-6.04123478609,38
2490321,1,-7.13594081979,38
2490480,1,-6.04123478609,38
2518125,0,-7.93835477097,11
2518368,1,-7.13594081979,35
2527082,2,-6.87492699442,33
2620706,1,-7.58418295725,23
2620728,1,-7.13594081979,0
2620762,0,-7.93835477097,17
2620768,0,-7.93835477097,47
2620769,0,-7.93835477097,47
2620770,1,-7.32316913188,47
2620812,1,-6.04123478609,21
2620813,0,-7.93835477097,21
2620814,1,-6.04123478609,46
2620815,1,-6.04123478609,45
2620816,1,-6.04123478609,45
2620817,1,-6.04123478609,46
2620818,0,-7.93835477097,59
2620819,0,-7.93835477097,45
2620820,0,-7.93835477097,45
2620821,0,-7.93835477097,47
2620822,0,-7.93835477097,48
2620823,0,-7.93835477097,48
2620824,0,-7.93835477097,50
2620825,0,-7.93835477097,50
2620826,0,-7.93835477097,56
2620828,0,-7.93835477097,50
2620829,0,-7.93835477097,50
2620830,0,-7.93835477097,49
2620831,0,-7.93835477097,53
2620833,0,-7.93835477097,58
2620834,0,-7.93835477097,50
2620835,0,-7.93835477097,57
2620836,0,-7.93835477097,47
2620837,0,-7.93835477097,44
2620838,0,-7.93835477097,44
2620839,0,-7.93835477097,44
2620840,0,-7.93835477097,57
2620841,0,-7.93835477097,44
2620842,1,-6.04123478609,57
2620843,0,-7.93835477097,50
2620844,0,-7.93835477097,55
2620845,0,-7.93835477097,50
2620846,0,-7.93835477097,44
2620847,0,-7.93835477097,50
2620848,0,-7.93835477097,51
2620849,0,-7.93835477097,47
2620850,0,-7.93835477097,48
2620851,1,-6.04123478609,49
2620852,0,-7.93835477097,50
2620853,0,-7.93835477097,44
2620854,0,-7.93835477097,50
2620856,0,-7.93835477097,47
2620857,0,-7.93835477097,54
2620858,0,-7.93835477097,47
2620859,0,-7.93835477097,58
2620860,0,-7.93835477097,44
2620861,1,-6.04123478609,56
2620862,0,-7.93835477097,48
2620863,0,-7.93835477097,50
2620864,0,-7.93835477097,54
2620865,0,-7.93835477097,48
2620866,0,-7.93835477097,46
2620867,0,-7.93835477097,44
2620868,0,-7.93835477097,50
2620869,0,-7.93835477097,59
2620870,0,-7.93835477097,47
2620871,0,-7.93835477097,44
2620942,1,-7.32316913188,9
2620972,1,-6.04123478609,41
2620973,1,-6.04123478609,41
2620974,1,-6.04123478609,41
2620975,1,-6.04123478609,41
2621080,0,-7.93835477097,12
810012,0,-7.93835477097,90
84581,1,-7.32316913188,96
84582,0,-7.93835477097,91
84583,0,-7.93835477097,90
84585,0,-7.93835477097,87
84586,1,-7.32316913188,86
84587,0,-7.93835477097,86
84589,0,-7.93835477097,82
84590,0,-7.93835477097,77
84591,0,-7.93835477097,77
84593,0,-7.93835477097,72
84595,1,-7.32316913188,70
84596,0,-7.93835477097,70
84597,0,-7.93835477097,69
84598,1,-7.32316913188,68
84599,0,-7.93835477097,67
84600,0,-7.93835477097,67
84601,0,-7.93835477097,69
84602,0,-7.93835477097,66
84604,0,-7.93835477097,66
84605,0,-7.93835477097,66
84606,0,-7.93835477097,65
84607,0,-7.93835477097,65
84608,0,-7.93835477097,65
84609,0,-7.93835477097,65
84610,0,-7.93835477097,64
84611,0,-7.93835477097,64
84612,0,-7.93835477097,64
84613,0,-7.93835477097,64
84614,0,-7.93835477097,63
84615,0,-7.93835477097,63
84618,0,-7.93835477097,62
84619,0,-7.93835477097,62
84620,1,-7.32316913188,62
84621,0,-7.93835477097,62
84623,0,-7.93835477097,62
84624,0,-7.93835477097,62
84625,0,-7.93835477097,61
84626,0,-7.93835477097,61
84627,0,-7.93835477097,61
84628,0,-7.93835477097,61
84629,0,-7.93835477097,61
84630,0,-7.93835477097,69
84631,0,-7.93835477097,69
84632,0,-7.93835477097,68
84633,0,-7.93835477097,62
84635,0,-7.93835477097,60
84636,0,-7.93835477097,60
84637,0,-7.93835477097,60
84638,0,-7.93835477097,60
84639,0,-7.93835477097,60
84640,0,-7.93835477097,60
84641,0,-7.93835477097,60
84643,0,-7.93835477097,84
84644,0,-7.93835477097,69
84645,0,-7.93835477097,69
84646,0,-7.93835477097,65
84647,0,-7.93835477097,64
84648,0,-7.93835477097,63
84649,0,-7.93835477097,62
84650,0,-7.93835477097,61
84651,0,-7.93835477097,60
84652,0,-7.93835477097,59
84654,0,-7.93835477097,58
84655,0,-7.93835477097,58
84656,0,-7.93835477097,58
84657,0,-7.93835477097,58
84658,0,-7.93835477097,57
84659,0,-7.93835477097,57
84660,0,-7.93835477097,56
84661,0,-7.93835477097,55
84662,0,-7.93835477097,55
84663,0,-7.93835477097,55
84664,0,-7.93835477097,54
84665,0,-7.93835477097,54
84666,0,-7.93835477097,54
84667,0,-7.93835477097,53
84668,0,-7.93835477097,53
84669,0,-7.93835477097,58
84670,0,-7.93835477097,59
84671,1,-6.04123478609,56
84672,0,-7.93835477097,54
84673,0,-7.93835477097,54
84674,0,-7.93835477097,53
84675,0,-7.93835477097,53
84676,0,-7.93835477097,52
84677,0,-7.93835477097,60
84678,0,-7.93835477097,59
84679,0,-7.93835477097,58
84680,0,-7.93835477097,58
84682,0,-7.93835477097,57
84683,0,-7.93835477097,56
84684,0,-7.93835477097,55
84685,0,-7.93835477097,55
84686,0,-7.93835477097,54
84688,0,-7.93835477097,54
84690,0,-7.93835477097,53
84691,0,-7.93835477097,53
84692,0,-7.93835477097,53
84693,0,-7.93835477097,53
84694,0,-7.93835477097,52
84695,0,-7.93835477097,52
84696,0,-7.93835477097,51
84697,1,-7.32316913188,51
84699,0,-7.93835477097,52
84700,0,-7.93835477097,52
84701,0,-7.93835477097,51
84702,0,-7.93835477097,51
84703,0,-7.93835477097,51
84704,0,-7.93835477097,51
84705,0,-7.93835477097,51
84707,0,-7.93835477097,51
84708,0,-7.93835477097,50
84710,0,-7.93835477097,50
84713,0,-7.93835477097,46
84715,1,-6.04123478609,56
84716,0,-7.93835477097,55
84717,0,-7.93835477097,52
84718,0,-7.93835477097,51
84719,0,-7.93835477097,51
84721,0,-7.93835477097,50
84722,0,-7.93835477097,50
84723,0,-7.93835477097,50
84724,0,-7.93835477097,50
84725,0,-7.93835477097,49
84726,0,-7.93835477097,49
84727,0,-7.93835477097,48
84728,0,-7.93835477097,58
84729,0,-7.93835477097,48
84731,0,-7.93835477097,47
84732,0,-7.93835477097,47
84733,0,-7.93835477097,46
84734,0,-7.93835477097,46
84735,0,-7.93835477097,46
84737,0,-7.93835477097,45
84739,0,-7.93835477097,50
84740,0,-7.93835477097,50
84741,1,-6.04123478609,49
84742,0,-7.93835477097,49
84743,0,-7.93835477097,48
84744,0,-7.93835477097,47
84745,0,-7.93835477097,46
84746,0,-7.93835477097,46
84747,0,-7.93835477097,46
84750,0,-7.93835477097,44
84751,0,-7.93835477097,44
84752,0,-7.93835477097,44
84753,0,-7.93835477097,44
84754,0,-7.93835477097,49
84756,0,-7.93835477097,49
84757,0,-7.93835477097,49
84758,0,-7.93835477097,49
84759,0,-7.93835477097,47
84760,0,-7.93835477097,47
84761,0,-7.93835477097,47
84762,0,-7.93835477097,47
84763,0,-7.93835477097,47
84764,0,-7.93835477097,47
84765,0,-7.93835477097,47
84766,0,-7.93835477097,47
84767,0,-7.93835477097,47
84768,0,-7.93835477097,47
84769,0,-7.93835477097,47
84770,0,-7.93835477097,47
84771,0,-7.93835477097,47
84772,0,-7.93835477097,47
84773,0,-7.93835477097,47
84774,0,-7.93835477097,47
84775,0,-7.93835477097,47
84778,0,-7.93835477097,46
84779,0,-7.93835477097,46
84780,0,-7.93835477097,46
84781,0,-7.93835477097,46
84782,0,-7.93835477097,46
84783,0,-7.93835477097,46
84784,0,-7.93835477097,46
84786,0,-7.93835477097,46
84788,0,-7.93835477097,45
84789,0,-7.93835477097,45
84791,0,-7.93835477097,45
84792,0,-7.93835477097,45
84793,0,-7.93835477097,45
84794,0,-7.93835477097,45
84795,0,-7.93835477097,45
84796,0,-7.93835477097,45
84797,0,-7.93835477097,45
84799,0,-7.93835477097,45
84801,0,-7.93835477097,45
84802,1,-7.32316913188,45
84803,0,-7.93835477097,45
84804,0,-7.93835477097,45
84805,0,-7.93835477097,45
84806,0,-7.93835477097,45
84808,0,-7.93835477097,45
84809,1,-7.32316913188,44
84810,0,-7.93835477097,44
84811,1,-6.04123478609,44
84812,0,-7.93835477097,44
84813,0,-7.93835477097,44
84815,0,-7.93835477097,44
84816,0,-7.93835477097,44
84817,0,-7.93835477097,44
84818,0,-7.93835477097,44
84819,0,-7.93835477097,44
84821,0,-7.93835477097,44
84823,0,-7.93835477097,44
84824,0,-7.93835477097,44
84825,0,-7.93835477097,44
84826,0,-7.93835477097,44
84828,0,-7.93835477097,44
84829,0,-7.93835477097,44
84830,0,-7.93835477097,44
84831,0,-7.93835477097,44
84832,0,-7.93835477097,44
84833,0,-7.93835477097,44
84834,0,-7.93835477097,43
84837,0,-7.93835477097,43
84838,0,-7.93835477097,43
84839,0,-7.93835477097,43
84841,0,-7.93835477097,43
84842,0,-7.93835477097,43
84843,0,-7.93835477097,43
84844,0,-7.93835477097,43
84845,0,-7.93835477097,43
84846,1,-7.32316913188,43
84847,0,-7.93835477097,43
84848,0,-7.93835477097,43
84849,0,-7.93835477097,43
84851,0,-7.93835477097,43
84852,0,-7.93835477097,43
84853,0,-7.93835477097,42
84854,0,-7.93835477097,42
84855,0,-7.93835477097,42
84856,0,-7.93835477097,42
84858,0,-7.93835477097,42
84859,0,-7.93835477097,42
84860,0,-7.93835477097,42
84862,0,-7.93835477097,42
84863,0,-7.93835477097,42
84865,0,-7.93835477097,42
84866,0,-7.93835477097,42
84867,0,-7.93835477097,42
84868,0,-7.93835477097,42
84869,0,-7.93835477097,42
84870,0,-7.93835477097,42
84872,0,-7.93835477097,42
84873,1,-6.04123478609,42
84874,0,-7.93835477097,42
84875,0,-7.93835477097,42
84876,0,-7.93835477097,42
84877,1,-7.32316913188,42
84878,0,-7.93835477097,42
84879,0,-7.93835477097,42
84880,0,-7.93835477097,42
84881,0,-7.93835477097,42
84882,1,-7.32316913188,42
84884,1,-6.04123478609,41
84885,0,-7.93835477097,41
84886,0,-7.93835477097,41
84887,0,-7.93835477097,41
84888,0,-7.93835477097,41
84889,0,-7.93835477097,41
84891,0,-7.93835477097,41
84892,0,-7.93835477097,41
84893,0,-7.93835477097,41
84894,0,-7.93835477097,41
84895,0,-7.93835477097,41
84896,0,-7.93835477097,41
84898,0,-7.93835477097,41
84901,0,-7.93835477097,41
84903,0,-7.93835477097,41
84904,0,-7.93835477097,41
84906,1,-6.04123478609,41
84907,1,-6.04123478609,41
84908,0,-7.93835477097,41
84909,1,-7.32316913188,41
84910,0,-7.93835477097,41
84911,1,-6.04123478609,41
84912,0,-7.93835477097,41
84913,0,-7.93835477097,41
84914,0,-7.93835477097,41
84915,0,-7.93835477097,41
84916,0,-7.93835477097,41
84917,1,-6.04123478609,41
84918,1,-6.04123478609,41
84919,0,-7.93835477097,41
84920,0,-7.93835477097,41
84921,0,-7.93835477097,41
84922,1,-6.04123478609,41
84923,1,-6.04123478609,41
84924,0,-7.93835477097,41
84925,0,-7.93835477097,41
84926,0,-7.93835477097,40
84928,0,-7.93835477097,40
84929,1,-7.32316913188,40
84930,0,-7.93835477097,40
84932,0,-7.93835477097,40
84933,0,-7.93835477097,40
84934,0,-7.93835477097,40
84935,0,-7.93835477097,40
84937,0,-7.93835477097,40
84938,0,-7.93835477097,40
84939,0,-7.93835477097,40
84940,0,-7.93835477097,40
84941,0,-7.93835477097,40
84942,1,-6.04123478609,40
84943,1,-6.04123478609,40
84945,0,-7.93835477097,40
84946,0,-7.93835477097,40
84947,0,-7.93835477097,40
84948,0,-7.93835477097,40
84950,0,-7.93835477097,40
84952,2,-5.66316865217,40
84953,1,-6.30224861146,40
84954,0,-7.93835477097,40
84955,0,-7.93835477097,40
84956,0,-7.93835477097,40
84958,0,-7.93835477097,40
84959,0,-7.93835477097,40
84960,1,-6.04123478609,40
84961,1,-6.04123478609,40
84962,0,-7.93835477097,40
84963,0,-7.93835477097,40
84964,0,-7.93835477097,38
84965,0,-7.93835477097,38
84966,0,-7.93835477097,38
84967,0,-7.93835477097,38
84968,0,-7.93835477097,38
84971,0,-7.93835477097,38
84972,0,-7.93835477097,38
84973,1,-6.87492699442,38
84974,1,-7.13594081979,38
84975,1,-6.04123478609,38
84976,1,-6.04123478609,38
84977,0,-7.93835477097,38
84978,0,-7.93835477097,38
84980,0,-7.93835477097,38
84981,0,-7.93835477097,38
84982,0,-7.93835477097,38
84983,0,-7.93835477097,38
84984,0,-7.93835477097,38
84986,0,-7.93835477097,38
84988,0,-7.93835477097,38
84989,1,-7.32316913188,38
84990,0,-7.93835477097,38
84991,0,-7.93835477097,38
84992,0,-7.93835477097,38
84993,0,-7.93835477097,38
84994,0,-7.93835477097,38
84995,0,-7.93835477097,38
84996,0,-7.93835477097,38
84997,0,-7.93835477097,38
84998,0,-7.93835477097,38
84999,0,-7.93835477097,38
85000,0,-7.93835477097,37
85001,1,-7.32316913188,37
85002,0,-7.93835477097,37
85003,0,-7.93835477097,37
85004,0,-7.93835477097,37
85005,0,-7.93835477097,37
85006,0,-7.93835477097,37
85007,0,-7.93835477097,37
85008,1,-6.04123478609,37
85009,1,-6.04123478609,37
85010,1,-6.04123478609,37
85011,1,-6.04123478609,37
85012,0,-7.93835477097,37
85013,0,-7.93835477097,37
85014,0,-7.93835477097,37
85016,0,-7.93835477097,37
85017,0,-7.93835477097,37
85018,0,-7.93835477097,37
85019,0,-7.93835477097,37
85020,0,-7.93835477097,37
85021,0,-7.93835477097,37
85022,0,-7.93835477097,37
85023,0,-7.93835477097,37
85024,0,-7.93835477097,37
85025,1,-6.87492699442,37
85026,1,-7.13594081979,37
85028,0,-7.93835477097,37
85030,0,-7.93835477097,37
85031,0,-7.93835477097,37
85033,0,-7.93835477097,37
85035,0,-7.93835477097,37
85036,0,-7.93835477097,37
85038,0,-7.93835477097,37
85039,0,-7.93835477097,37
85040,1,-6.04123478609,37
85041,1,-6.04123478609,37
85042,0,-7.93835477097,37
85043,0,-7.93835477097,37
85044,0,-7.93835477097,37
85047,0,-7.93835477097,36
85048,0,-7.93835477097,36
85049,0,-7.93835477097,36
85050,0,-7.93835477097,36
85051,0,-7.93835477097,36
85052,0,-7.93835477097,36
85053,0,-7.93835477097,36
85054,0,-7.93835477097,36
85055,1,-7.32316913188,36
85056,0,-7.93835477097,36
85057,1,-7.13594081979,36
85058,1,-6.87492699442,36
85059,0,-7.93835477097,36
85060,0,-7.93835477097,36
85061,0,-7.93835477097,36
85062,0,-7.93835477097,36
85063,0,-7.93835477097,36
85066,0,-7.93835477097,36
85067,0,-7.93835477097,36
85069,0,-7.93835477097,36
85072,1,-6.04123478609,36
85073,0,-7.93835477097,36
85074,0,-7.93835477097,36
85075,0,-7.93835477097,36
85076,0,-7.93835477097,36
85077,0,-7.93835477097,36
85078,0,-7.93835477097,36
85079,0,-7.93835477097,36
85080,0,-7.93835477097,36
85081,0,-7.93835477097,36
85083,0,-7.93835477097,36
85084,0,-7.93835477097,36
85086,0,-7.93835477097,36
85087,0,-7.93835477097,36
85088,0,-7.93835477097,36
85089,1,-7.32316913188,35
85090,0,-7.93835477097,35
85091,0,-7.93835477097,35
85093,0,-7.93835477097,35
85094,0,-7.93835477097,35
85096,0,-7.93835477097,35
85097,0,-7.93835477097,35
85098,0,-7.93835477097,35
85099,0,-7.93835477097,35
85100,0,-7.93835477097,35
85101,0,-7.93835477097,35
85102,0,-7.93835477097,35
85103,0,-7.93835477097,35
85105,0,-7.93835477097,35
85107,0,-7.93835477097,35
85108,0,-7.93835477097,35
85109,0,-7.93835477097,35
85110,1,-6.87492699442,35
85111,1,-7.13594081979,35
85112,0,-7.93835477097,35
85113,0,-7.93835477097,35
85114,0,-7.93835477097,35
85115,0,-7.93835477097,35
85117,0,-7.93835477097,35
85119,0,-7.93835477097,35
85121,0,-7.93835477097,35
85122,0,-7.93835477097,35
85123,0,-7.93835477097,35
85126,0,-7.93835477097,35
85128,0,-7.93835477097,35
85129,0,-7.93835477097,34
85130,2,-6.94510299796,34
85131,6,-6.69768848271,34
85132,0,-7.93835477097,34
85133,0,-7.93835477097,34
85134,0,-7.93835477097,34
85136,0,-7.93835477097,34
85137,0,-7.93835477097,34
85138,0,-7.93835477097,34
85139,3,-7.13206493432,34
85140,0,-7.93835477097,34
85141,0,-7.93835477097,34
85142,0,-7.93835477097,34
85143,0,-7.93835477097,34
85144,0,-7.93835477097,34
85145,0,-7.93835477097,34
85146,0,-7.93835477097,34
85147,0,-7.93835477097,34
85148,0,-7.93835477097,34
85149,1,-7.32316913188,34
85150,0,-7.93835477097,34
85151,0,-7.93835477097,34
85152,1,-7.58418295725,34
85153,2,-7.18066906928,34
85154,2,-7.26732539567,34
85155,1,-7.13594081979,34
85156,0,-7.93835477097,34
85157,0,-7.93835477097,34
85158,0,-7.93835477097,34
85159,0,-7.93835477097,34
85160,9,-5.93987476174,34
85161,0,-7.93835477097,34
85162,1,-7.85677478398,34
85163,4,-6.5624184192,34
85164,0,-7.93835477097,34
85165,0,-7.93835477097,34
85166,1,-7.32316913188,34
85167,0,-7.93835477097,34
85168,1,-7.32316913188,34
85169,3,-6.67140716748,34
85170,0,-7.93835477097,34
85171,2,-7.26732539567,33
85172,0,-7.93835477097,33
85173,0,-7.93835477097,33
85174,0,-7.93835477097,33
85175,0,-7.93835477097,33
85176,1,-7.32316913188,33
85177,0,-7.93835477097,33
85178,1,-7.74567042715,33
85179,0,-7.93835477097,33
85180,0,-7.93835477097,33
85181,0,-7.93835477097,33
85182,0,-7.93835477097,33
85183,1,-7.13594081979,33
85184,0,-7.93835477097,33
85186,1,-6.69655466702,33
85187,0,-7.93835477097,33
85189,1,-7.58418295725,33
85191,0,-7.93835477097,33
85192,0,-7.93835477097,33
85193,0,-7.93835477097,33
85194,1,-7.58219662722,33
85195,1,-7.74567042715,33
85196,0,-7.93835477097,33
85197,1,-7.68889391134,33
85198,0,-7.93835477097,33
85199,2,-7.33472209762,33
85200,1,-7.32316913188,33
85201,0,-7.93835477097,33
85203,0,-7.93835477097,33
85204,1,-7.68889391134,33
85205,0,-7.93835477097,33
85206,1,-7.32316913188,33
85207,0,-7.93835477097,33
85208,0,-7.93835477097,33
85209,1,-7.32316913188,33
85210,3,-7.08571406618,33
85211,0,-7.93835477097,33
85212,3,-6.27253258686,33
85213,0,-7.93835477097,32
85215,0,-7.93835477097,32
85216,1,-6.04123478609,32
85217,1,-6.04123478609,32
85218,1,-6.04123478609,32
85219,1,-6.04123478609,32
85220,0,-7.93835477097,32
85221,0,-7.93835477097,32
85222,0,-7.93835477097,32
85223,0,-7.93835477097,32
85225,0,-7.93835477097,32
85226,0,-7.93835477097,32
85228,0,-7.93835477097,32
85229,1,-6.04123478609,32
85230,0,-7.93835477097,32
85231,0,-7.93835477097,32
85232,0,-7.93835477097,32
85233,0,-7.93835477097,32
85234,0,-7.93835477097,32
85236,0,-7.93835477097,32
85237,0,-7.93835477097,32
85238,0,-7.93835477097,32
85240,0,-7.93835477097,32
85241,0,-7.93835477097,32
85242,0,-7.93835477097,32
85243,0,-7.93835477097,32
85245,0,-7.93835477097,32
85246,0,-7.93835477097,32
85247,0,-7.93835477097,32
85249,0,-7.93835477097,32
85250,4,-6.47134485167,31
85251,0,-7.93835477097,31
85252,1,-6.04123478609,31
85253,1,-6.04123478609,31
85254,0,-7.93835477097,31
85255,0,-7.93835477097,31
85257,0,-7.93835477097,31
85258,0,-7.93835477097,31
85259,1,-6.04123478609,31
85260,1,-6.04123478609,31
85261,4,-6.82416992204,31
85263,0,-7.93835477097,31
85264,0,-7.93835477097,31
85265,0,-7.93835477097,31
85266,0,-7.93835477097,31
85267,3,-7.10707741343,31
85268,0,-7.93835477097,31
85270,0,-7.93835477097,31
85271,0,-7.93835477097,31
85272,0,-7.93835477097,31
85273,0,-7.93835477097,31
85274,0,-7.93835477097,31
85275,0,-7.93835477097,31
85278,0,-7.93835477097,31
85279,0,-7.93835477097,31
85280,0,-7.93835477097,31
85281,0,-7.93835477097,31
85283,4,-7.20759072684,30
85284,0,-7.93835477097,30
85285,0,-7.93835477097,30
85286,0,-7.93835477097,30
85288,0,-7.93835477097,30
85290,0,-7.93835477097,30
85292,0,-7.93835477097,30
85293,0,-7.93835477097,30
85294,0,-7.93835477097,30
85297,0,-7.93835477097,30
85298,0,-7.93835477097,30
85300,0,-7.93835477097,30
85301,0,-7.93835477097,30
85302,0,-7.93835477097,30
85304,0,-7.93835477097,30
85305,0,-7.93835477097,30
85306,0,-7.93835477097,30
85307,0,-7.93835477097,30
85308,0,-7.93835477097,30
85309,0,-7.93835477097,30
85310,0,-7.93835477097,29
85311,0,-7.93835477097,29
85312,1,-7.58418295725,29
85313,0,-7.93835477097,29
85314,1,-7.58418295725,29
85315,1,-7.68889391134,29
85316,0,-7.93835477097,29
85317,0,-7.93835477097,29
85318,1,-7.78135102216,29
85319,3,-6.82092072807,29
85320,3,-6.67140716748,29
85321,0,-7.93835477097,29
85322,0,-7.93835477097,29
85323,0,-7.93835477097,29
85324,1,-7.32316913188,29
85325,0,-7.93835477097,29
85326,0,-7.93835477097,29
85327,0,-7.93835477097,29
85328,0,-7.93835477097,29
85329,0,-7.93835477097,29
85330,1,-7.68889391134,29
85331,2,-7.40283653462,29
85332,1,-7.68889391134,29
85333,0,-7.93835477097,29
85334,0,-7.93835477097,29
85335,0,-7.93835477097,29
85336,3,-6.92518942709,29
85337,0,-7.93835477097,29
85340,1,-7.32316913188,29
85341,0,-7.93835477097,29
85342,0,-7.93835477097,29
85343,0,-7.93835477097,29
85344,1,-7.58418295725,29
85345,0,-7.93835477097,29
85346,0,-7.93835477097,29
85348,1,-7.68889391134,29
85349,1,-7.68889391134,29
85350,0,-7.93835477097,29
85351,2,-7.32316913188,29
85352,0,-7.93835477097,28
85353,0,-7.93835477097,28
85354,3,-6.79892048779,28
85355,0,-7.93835477097,28
85356,1,-7.68889391134,28
85357,2,-6.94510299796,28
85358,0,-7.93835477097,28
85359,2,-7.21169222441,28
85360,1,-7.68889391134,28
85361,1,-7.58418295725,28
85362,0,-7.93835477097,28
85363,1,-7.58418295725,28
85364,3,-6.79892048779,28
85365,0,-7.93835477097,28
85366,0,-7.93835477097,28
85367,0,-7.93835477097,28
85368,0,-7.93835477097,28
85370,0,-7.93835477097,28
85371,0,-7.93835477097,28
85372,0,-7.93835477097,28
85373,0,-7.93835477097,28
85374,0,-7.93835477097,28
85375,0,-7.93835477097,28
85376,2,-7.40117937189,28
85377,2,-6.94510299796,28
85378,0,-7.93835477097,28
85379,0,-7.93835477097,28
85380,1,-7.58418295725,28
85382,5,-6.56727980622,27
85384,1,-7.80586558793,27
85385,0,-7.93835477097,28
85386,1,-7.68889391134,27
85387,1,-7.58418295725,27
85389,0,-7.93835477097,27
85390,0,-7.93835477097,27
85391,0,-7.93835477097,27
85392,1,-7.68889391134,27
85393,1,-7.58418295725,27
85394,1,-7.78135102216,27
85396,0,-7.93835477097,27
85397,0,-7.93835477097,27
85398,1,-7.32316913188,27
85399,0,-7.93835477097,27
85401,2,-7.46410668995,27
85402,2,-6.81953144169,27
85404,0,-7.93835477097,27
85405,0,-7.93835477097,27
85406,1,-7.68889391134,27
85407,0,-7.93835477097,27
85408,0,-7.93835477097,27
85409,0,-7.93835477097,27
85410,0,-7.93835477097,27
85411,0,-7.93835477097,27
85412,0,-7.93835477097,26
85413,1,-7.32316913188,26
85414,0,-7.93835477097,26
85415,0,-7.93835477097,26
85416,1,-7.83737885363,26
85417,0,-7.93835477097,26
85418,0,-7.93835477097,26
85419,0,-7.93835477097,26
85420,0,-7.93835477097,26
85421,0,-7.93835477097,26
85423,0,-7.93835477097,26
85424,1,-7.32316913188,26
85425,3,-6.88899108488,26
85426,0,-7.93835477097,26
85427,0,-7.93835477097,26
85428,0,-7.93835477097,26
85429,1,-7.32316913188,26
85430,0,-7.93835477097,26
85431,0,-7.93835477097,26
85432,3,-7.24938296183,26
85433,0,-7.93835477097,26
85434,0,-7.93835477097,26
85435,0,-7.93835477097,26
85436,0,-7.93835477097,26
85437,2,-7.24938296183,26
85438,0,-7.93835477097,26
85439,2,-6.94510299796,26
85440,0,-7.93835477097,26
85441,1,-7.32316913188,26
85442,0,-7.93835477097,26
85444,0,-7.93835477097,26
85445,1,-7.35823632071,26
85446,1,-7.32316913188,26
85448,2,-7.40283653462,26
85449,1,-7.32316913188,26
85450,5,-6.77650689295,26
85451,4,-6.85246192138,26
85452,1,-7.32316913188,26
85453,3,-6.79892048779,25
85454,3,-6.90650569846,25
85455,2,-7.21169222441,25
85456,0,-7.93835477097,25
85457,0,-7.93835477097,25
85458,5,-6.99899876617,25
85459,0,-7.93835477097,25
85460,1,-7.68889391134,25
85461,0,-7.93835477097,25
85462,0,-7.93835477097,25
85463,0,-7.93835477097,25
85464,0,-7.93835477097,25
85465,0,-7.93835477097,25
85466,0,-7.93835477097,25
85467,1,-7.32316913188,25
85468,0,-7.93835477097,25
85469,0,-7.93835477097,25
85470,0,-7.93835477097,25
85471,0,-7.93835477097,25
85472,2,-7.60935082896,25
85473,2,-7.53189016253,25
85474,0,-7.93835477097,25
85475,0,-7.93835477097,25
85476,0,-7.93835477097,25
85477,2,-7.30045606464,25
85478,0,-7.93835477097,25
85479,0,-7.93835477097,25
85480,0,-7.93835477097,24
85481,1,-7.7410077747,24
85482,2,-7.40283653462,24
85483,1,-7.32316913188,24
85485,1,-7.32316913188,24
85486,2,-7.53567130583,24
85488,1,-7.58418295725,24
85489,0,-7.93835477097,24
85490,0,-7.93835477097,24
85491,1,-7.32316913188,24
85492,0,-7.93835477097,24
85493,0,-7.93835477097,24
85494,0,-7.93835477097,24
85495,1,-7.32316913188,24
85496,0,-7.93835477097,24
85498,0,-7.93835477097,24
85499,4,-6.59462002428,24
85500,0,-7.93835477097,24
85501,0,-7.93835477097,24
85502,1,-7.32316913188,24
85503,0,-7.93835477097,24
85504,1,-7.58418295725,24
85505,0,-7.93835477097,24
85506,0,-7.93835477097,24
85508,0,-7.93835477097,24
85509,1,-7.58418295725,24
85510,1,-7.50306120982,24
85511,0,-7.93835477097,24
85512,0,-7.93835477097,24
85513,0,-7.93835477097,23
85514,0,-7.93835477097,23
85515,1,-7.32316913188,23
85516,4,-6.44713748993,23
85517,4,-6.30471216984,23
85518,2,-6.94510299796,23
85519,2,-7.11637471857,23
85520,2,-7.53567130583,23
85521,3,-6.84531352736,23
85522,1,-6.90652042265,23
85523,0,-7.93835477097,23
85524,0,-7.93835477097,23
85525,0,-7.93835477097,23
85526,1,-7.32316913188,23
85528,0,-7.93835477097,23
85529,1,-7.68889391134,23
85530,4,-6.48156239313,23
85531,0,-7.93835477097,23
85532,1,-7.58418295725,23
85533,0,-7.93835477097,23
85534,4,-6.99292603736,23
85535,0,-7.93835477097,23
85536,0,-7.93835477097,23
85537,0,-7.93835477097,23
85538,1,-7.35823632071,23
85539,1,-7.58418295725,23
85540,0,-7.93835477097,23
85541,0,-7.93835477097,23
85542,1,-7.58418295725,23
85543,0,-7.93835477097,23
85544,1,-7.58418295725,23
85545,1,-7.32316913188,23
85546,1,-7.58418295725,23
85547,0,-7.93835477097,23
85548,0,-7.93835477097,23
85549,0,-7.93835477097,23
85550,0,-7.93835477097,23
85551,3,-6.76768025205,23
85552,0,-7.93835477097,23
85553,0,-7.93835477097,23
85554,0,-7.93835477097,23
85555,2,-6.94510299796,23
85556,1,-7.58418295725,23
85558,1,-7.32316913188,23
85559,0,-7.93835477097,22
85560,0,-7.93835477097,22
85561,0,-7.93835477097,22
85562,0,-7.93835477097,22
85563,0,-7.93835477097,22
85564,0,-7.93835477097,22
85565,0,-7.93835477097,22
85566,0,-7.93835477097,22
85567,0,-7.93835477097,22
85568,1,-7.32316913188,22
85569,0,-7.93835477097,22
85570,1,-7.58418295725,22
85571,0,-7.93835477097,22
85572,0,-7.93835477097,22
85573,0,-7.93835477097,22
85574,0,-7.93835477097,22
85575,0,-7.93835477097,22
85576,0,-7.93835477097,22
85577,0,-7.93835477097,22
85578,0,-7.93835477097,22
85579,0,-7.93835477097,22
85580,0,-7.93835477097,22
85581,0,-7.93835477097,22
85582,0,-7.93835477097,22
85583,0,-7.93835477097,22
85584,0,-7.93835477097,22
85585,0,-7.93835477097,22
85586,0,-7.93835477097,22
85587,0,-7.93835477097,22
85588,0,-7.93835477097,22
85590,0,-7.93835477097,22
85591,0,-7.93835477097,22
85592,0,-7.93835477097,22
85593,0,-7.93835477097,22
85594,0,-7.93835477097,22
85595,0,-7.93835477097,22
85596,0,-7.93835477097,22
85597,0,-7.93835477097,22
85600,0,-7.93835477097,22
85602,0,-7.93835477097,22
85604,0,-7.93835477097,22
85605,0,-7.93835477097,22
85606,0,-7.93835477097,22
85607,0,-7.93835477097,22
85608,0,-7.93835477097,22
85609,0,-7.93835477097,22
85610,0,-7.93835477097,22
85611,0,-7.93835477097,22
85612,0,-7.93835477097,22
85613,0,-7.93835477097,22
85614,1,-7.58418295725,21
85615,1,-7.32316913188,21
85616,0,-7.93835477097,21
85617,0,-7.93835477097,21
85619,0,-7.93835477097,21
85620,0,-7.93835477097,21
85621,0,-7.93835477097,21
85622,0,-7.93835477097,21
85623,0,-7.93835477097,21
85624,0,-7.93835477097,21
85625,0,-7.93835477097,21
85626,0,-7.93835477097,21
85627,2,-7.40283653462,21
85628,0,-7.93835477097,21
85629,0,-7.93835477097,21
85630,0,-7.93835477097,21
85631,0,-7.93835477097,21
85632,0,-7.93835477097,21
85633,0,-7.93835477097,21
85635,1,-7.32316913188,21
85637,0,-7.93835477097,21
85638,0,-7.93835477097,21
85639,0,-7.93835477097,21
85640,0,-7.93835477097,21
85642,1,-7.68889391134,21
85643,0,-7.93835477097,21
85644,1,-7.32316913188,21
85645,0,-7.93835477097,21
85646,1,-7.32316913188,21
85647,0,-7.93835477097,21
85648,1,-6.04123478609,21
85649,0,-7.93835477097,21
85650,0,-7.93835477097,21
85651,0,-7.93835477097,21
85652,0,-7.93835477097,21
85653,0,-7.93835477097,21
85654,0,-7.93835477097,21
85655,0,-7.93835477097,21
85656,0,-7.93835477097,21
85657,0,-7.93835477097,20
85658,2,-7.23525725956,20
85659,0,-7.93835477097,20
85660,0,-7.93835477097,20
85661,0,-7.93835477097,20
85662,0,-7.93835477097,20
85663,0,-7.93835477097,20
85664,0,-7.93835477097,20
85665,0,-7.93835477097,20
85666,0,-7.93835477097,20
85667,0,-7.93835477097,20
85668,0,-7.93835477097,20
85669,1,-7.32316913188,20
85670,0,-7.93835477097,20
85671,0,-7.93835477097,20
85672,0,-7.93835477097,20
85673,0,-7.93835477097,20
85674,0,-7.93835477097,20
85675,0,-7.93835477097,20
85676,0,-7.93835477097,20
85677,0,-7.93835477097,20
85678,1,-7.32316913188,20
85679,0,-7.93835477097,20
85680,1,-7.32316913188,20
85681,0,-7.93835477097,20
85682,0,-7.93835477097,20
85683,0,-7.93835477097,20
85684,0,-7.93835477097,20
85685,0,-7.93835477097,20
85686,0,-7.93835477097,20
85687,0,-7.93835477097,20
85688,0,-7.93835477097,20
85689,0,-7.93835477097,20
85691,0,-7.93835477097,20
85692,0,-7.93835477097,20
85693,0,-7.93835477097,20
85695,0,-7.93835477097,20
85696,0,-7.93835477097,20
85697,0,-7.93835477097,20
85698,0,-7.93835477097,20
85700,0,-7.93835477097,20
85701,0,-7.93835477097,20
85702,0,-7.93835477097,20
85704,0,-7.93835477097,20
85705,0,-7.93835477097,20
85706,0,-7.93835477097,20
85707,0,-7.93835477097,20
85708,0,-7.93835477097,20
85709,0,-7.93835477097,20
85710,1,-7.32316913188,20
85711,0,-7.93835477097,20
85712,1,-7.58418295725,20
85713,1,-7.32316913188,20
85714,1,-7.68889391134,20
85715,0,-7.93835477097,19
85716,0,-7.93835477097,19
85717,0,-7.93835477097,19
85719,2,-7.44518408245,19
85720,0,-7.93835477097,19
85721,0,-7.93835477097,19
85722,0,-7.93835477097,19
85723,0,-7.93835477097,19
85724,1,-7.51690695836,19
85725,0,-7.93835477097,19
85726,0,-7.93835477097,19
85727,0,-7.93835477097,19
85728,1,-7.58418295725,19
85729,1,-7.74567042715,19
85730,0,-7.93835477097,19
85731,0,-7.93835477097,19
85732,0,-7.93835477097,19
85733,1,-7.51690695836,19
85734,0,-7.93835477097,19
85735,0,-7.93835477097,19
85736,0,-7.93835477097,19
85737,0,-7.93835477097,19
85738,0,-7.93835477097,19
85739,0,-7.93835477097,19
85741,0,-7.93835477097,19
85742,0,-7.93835477097,19
85743,0,-7.93835477097,19
85744,0,-7.93835477097,19
85745,0,-7.93835477097,19
85746,0,-7.93835477097,19
85747,0,-7.93835477097,19
85748,0,-7.93835477097,19
85749,1,-7.51690695836,19
85750,0,-7.93835477097,19
85751,0,-7.93835477097,19
85752,0,-7.93835477097,19
85753,0,-7.93835477097,19
85754,0,-7.93835477097,19
85755,1,-7.32316913188,19
85756,1,-7.32316913188,19
85757,0,-7.93835477097,18
85758,0,-7.93835477097,18
85759,0,-7.93835477097,18
85760,0,-7.93835477097,18
85761,0,-7.93835477097,18
85762,0,-7.93835477097,18
85763,2,-6.96899731816,18
85764,1,-7.68889391134,18
85765,0,-7.93835477097,18
85766,0,-7.93835477097,18
85767,0,-7.93835477097,18
85768,0,-7.93835477097,18
85769,0,-7.93835477097,18
85770,0,-7.93835477097,18
85771,0,-7.93835477097,18
85773,0,-7.93835477097,19
85774,3,-7.04430964805,18
85775,0,-7.93835477097,18
85776,1,-6.04123478609,18
85777,0,-7.93835477097,18
85779,0,-7.93835477097,18
85780,1,-7.74567042715,18
85781,0,-7.93835477097,18
85782,0,-7.93835477097,18
85783,0,-7.93835477097,18
85784,0,-7.93835477097,18
85785,0,-7.93835477097,18
85786,0,-7.93835477097,18
85787,0,-7.93835477097,18
85788,0,-7.93835477097,18
85789,0,-7.93835477097,18
85790,0,-7.93835477097,18
85791,0,-7.93835477097,18
85792,0,-7.93835477097,18
85793,1,-7.68889391134,18
85794,0,-7.93835477097,18
85795,1,-7.58418295725,18
85796,0,-7.93835477097,18
85797,0,-7.93835477097,18
85798,0,-7.93835477097,18
85799,0,-7.93835477097,18
85800,0,-7.93835477097,18
85801,0,-7.93835477097,18
85802,0,-7.93835477097,18
85803,3,-6.67140716748,18
85804,0,-7.93835477097,18
85805,0,-7.93835477097,18
85806,1,-7.68889391134,18
85807,1,-7.68889391134,18
85808,0,-7.93835477097,18
85809,0,-7.93835477097,18
85810,1,-7.78135102216,17
85811,1,-7.78135102216,17
85812,1,-7.78135102216,17
85813,1,-7.68889391134,17
85814,0,-7.93835477097,17
85815,0,-7.93835477097,17
85816,0,-7.93835477097,17
85817,1,-7.32316913188,17
85818,1,-7.32316913188,17
85819,0,-7.93835477097,17
85820,0,-7.93835477097,17
85821,0,-7.93835477097,17
85822,0,-7.93835477097,17
85823,0,-7.93835477097,17
85824,0,-7.93835477097,17
85825,0,-7.93835477097,17
85826,0,-7.93835477097,17
85827,0,-7.93835477097,17
85828,0,-7.93835477097,17
85829,0,-7.93835477097,17
85830,0,-7.93835477097,17
85831,0,-7.93835477097,17
85832,0,-7.93835477097,17
85833,0,-7.93835477097,17
85834,0,-7.93835477097,17
85835,0,-7.93835477097,17
85836,0,-7.93835477097,17
85837,0,-7.93835477097,17
85838,0,-7.93835477097,17
85839,0,-7.93835477097,17
85840,0,-7.93835477097,17
85841,0,-7.93835477097,17
85842,1,-7.32316913188,17
85843,0,-7.93835477097,17
85844,0,-7.93835477097,17
85845,0,-7.93835477097,17
85846,0,-7.93835477097,17
85847,0,-7.93835477097,17
85848,1,-7.32316913188,17
85849,0,-7.93835477097,17
85850,0,-7.93835477097,17
85851,0,-7.93835477097,16
85852,0,-7.93835477097,16
85853,1,-7.58418295725,16
85855,0,-7.93835477097,16
85856,0,-7.93835477097,16
85857,0,-7.93835477097,16
85858,0,-7.93835477097,16
85859,0,-7.93835477097,16
85860,0,-7.93835477097,16
85861,1,-7.58418295725,16
85862,0,-7.93835477097,16
85863,0,-7.93835477097,16
85864,0,-7.93835477097,16
85865,1,-7.58418295725,16
85866,0,-7.93835477097,16
85867,0,-7.93835477097,16
85868,0,-7.93835477097,16
85869,0,-7.93835477097,16
85870,0,-7.93835477097,16
85871,0,-7.93835477097,16
85872,0,-7.93835477097,16
85873,0,-7.93835477097,16
85874,0,-7.93835477097,16
85876,0,-7.93835477097,16
85877,0,-7.93835477097,16
85878,0,-7.93835477097,16
85879,0,-7.93835477097,16
85880,1,-7.58418295725,16
85881,0,-7.93835477097,16
85882,0,-7.93835477097,16
85883,0,-7.93835477097,16
85884,0,-7.93835477097,16
85885,0,-7.93835477097,16
85886,0,-7.93835477097,16
85887,1,-7.74567042715,16
85888,0,-7.93835477097,16
85889,0,-7.93835477097,16
85890,1,-7.74567042715,16
85891,0,-7.93835477097,16
85892,0,-7.93835477097,16
85893,1,-7.68889391134,16
85894,0,-7.93835477097,16
85895,0,-7.93835477097,16
85896,0,-7.93835477097,16
85897,0,-7.93835477097,16
85898,0,-7.93835477097,16
85899,0,-7.93835477097,16
85900,1,-7.32316913188,16
85901,0,-7.93835477097,16
85902,0,-7.93835477097,16
85903,0,-7.93835477097,16
85904,0,-7.93835477097,16
85905,0,-7.93835477097,16
85906,0,-7.93835477097,16
85907,0,-7.93835477097,16
85908,0,-7.93835477097,16
85909,0,-7.93835477097,16
85910,0,-7.93835477097,16
85911,0,-7.93835477097,16
85912,0,-7.93835477097,16
85913,0,-7.93835477097,15
85914,0,-7.93835477097,15
85915,0,-7.93835477097,15
85916,0,-7.93835477097,15
85917,0,-7.93835477097,15
85918,0,-7.93835477097,15
85919,0,-7.93835477097,15
85920,0,-7.93835477097,15
85921,0,-7.93835477097,15
85922,0,-7.93835477097,15
85923,0,-7.93835477097,15
85924,0,-7.93835477097,15
85925,0,-7.93835477097,15
85926,0,-7.93835477097,16
85927,0,-7.93835477097,16
85928,0,-7.93835477097,15
85929,0,-7.93835477097,16
85931,0,-7.93835477097,15
85932,0,-7.93835477097,15
85933,0,-7.93835477097,15
85934,0,-7.93835477097,15
85935,0,-7.93835477097,15
85936,0,-7.93835477097,15
85937,1,-7.74567042715,15
85938,0,-7.93835477097,15
85939,0,-7.93835477097,15
85940,0,-7.93835477097,15
85941,0,-7.93835477097,15
85942,0,-7.93835477097,15
85943,1,-7.32316913188,15
85944,0,-7.93835477097,15
85945,0,-7.93835477097,15
85946,0,-7.93835477097,15
85947,0,-7.93835477097,15
85948,0,-7.93835477097,15
85949,0,-7.93835477097,15
85950,0,-7.93835477097,15
85951,0,-7.93835477097,15
85952,0,-7.93835477097,15
85953,0,-7.93835477097,15
85954,1,-7.68889391134,14
85955,1,-6.04123478609,14
85956,1,-6.04123478609,14
85958,0,-7.93835477097,14
85959,0,-7.93835477097,14
85960,1,-7.13594081979,14
85961,1,-6.87492699442,14
85962,0,-7.93835477097,14
85963,0,-7.93835477097,14
85964,0,-7.93835477097,14
85965,0,-7.93835477097,14
85966,0,-7.93835477097,14
85969,0,-7.93835477097,14
85971,0,-7.93835477097,14
85972,0,-7.93835477097,14
85973,0,-7.93835477097,14
85974,0,-7.93835477097,14
85975,1,-6.04123478609,14
85976,1,-6.04123478609,14
85977,0,-7.93835477097,14
85978,0,-7.93835477097,14
85979,0,-7.93835477097,14
85980,0,-7.93835477097,14
85981,0,-7.93835477097,14
85982,0,-7.93835477097,14
85983,0,-7.93835477097,14
85984,0,-7.93835477097,14
85985,0,-7.93835477097,14
85986,0,-7.93835477097,14
85987,0,-7.93835477097,14
85988,0,-7.93835477097,14
85989,0,-7.93835477097,14
85991,0,-7.93835477097,14
85992,0,-7.93835477097,14
85993,0,-7.93835477097,14
85994,0,-7.93835477097,14
85995,0,-7.93835477097,14
85996,0,-7.93835477097,14
85998,0,-7.93835477097,14
86000,0,-7.93835477097,14
86001,0,-7.93835477097,14
86003,0,-7.93835477097,14
86004,0,-7.93835477097,14
86008,0,-7.93835477097,13
86009,0,-7.93835477097,13
86010,0,-7.93835477097,13
86011,0,-7.93835477097,13
86012,0,-7.93835477097,13
86013,0,-7.93835477097,13
86014,0,-7.93835477097,13
86015,0,-7.93835477097,13
86016,0,-7.93835477097,13
86017,0,-7.93835477097,13
86018,0,-7.93835477097,13
86019,0,-7.93835477097,13
86020,0,-7.93835477097,13
86022,0,-7.93835477097,13
86023,0,-7.93835477097,13
86024,0,-7.93835477097,13
86025,0,-7.93835477097,12
86026,0,-7.93835477097,12
86027,0,-7.93835477097,12
86028,0,-7.93835477097,12
86029,0,-7.93835477097,12
86030,0,-7.93835477097,12
86031,1,-7.68889391134,12
86032,0,-7.93835477097,12
86033,0,-7.93835477097,12
86034,0,-7.93835477097,12
86035,0,-7.93835477097,12
86036,0,-7.93835477097,12
86037,0,-7.93835477097,12
86038,0,-7.93835477097,12
86039,0,-7.93835477097,12
86040,0,-7.93835477097,12
86041,0,-7.93835477097,12
86042,0,-7.93835477097,12
86043,0,-7.93835477097,12
86044,0,-7.93835477097,12
86045,0,-7.93835477097,12
86046,0,-7.93835477097,12
86047,0,-7.93835477097,12
86048,1,-7.32316913188,12
86049,0,-7.93835477097,12
86050,0,-7.93835477097,12
86051,0,-7.93835477097,12
86052,0,-7.93835477097,12
86053,0,-7.93835477097,12
86054,0,-7.93835477097,12
86055,0,-7.93835477097,12
86056,0,-7.93835477097,12
86058,0,-7.93835477097,12
86059,0,-7.93835477097,12
86061,0,-7.93835477097,12
86062,0,-7.93835477097,12
86063,0,-7.93835477097,12
86064,0,-7.93835477097,12
86065,0,-7.93835477097,12
86067,0,-7.93835477097,11
86068,0,-7.93835477097,11
86069,0,-7.93835477097,11
86070,0,-7.93835477097,11
86071,0,-7.93835477097,11
86072,0,-7.93835477097,11
86073,0,-7.93835477097,11
86074,0,-7.93835477097,11
86075,0,-7.93835477097,11
86076,0,-7.93835477097,11
86077,0,-7.93835477097,11
86078,0,-7.93835477097,11
86079,0,-7.93835477097,11
86081,0,-7.93835477097,11
86082,0,-7.93835477097,11
86083,0,-7.93835477097,11
86086,0,-7.93835477097,11
86087,0,-7.93835477097,11
86088,0,-7.93835477097,11
86089,0,-7.93835477097,11
86090,0,-7.93835477097,11
86091,0,-7.93835477097,11
86092,0,-7.93835477097,11
86093,0,-7.93835477097,11
86095,0,-7.93835477097,11
86096,0,-7.93835477097,11
86097,0,-7.93835477097,11
86098,0,-7.93835477097,11
86099,0,-7.93835477097,11
86100,0,-7.93835477097,11
86101,0,-7.93835477097,11
86103,0,-7.93835477097,11
86104,0,-7.93835477097,11
86105,0,-7.93835477097,11
86106,0,-7.93835477097,11
86108,0,-7.93835477097,11
86109,0,-7.93835477097,11
86110,0,-7.93835477097,11
86111,0,-7.93835477097,11
86112,0,-7.93835477097,11
86113,0,-7.93835477097,11
86114,1,-7.32316913188,11
86115,0,-7.93835477097,10
86116,0,-7.93835477097,10
86117,0,-7.93835477097,10
86118,0,-7.93835477097,10
86119,0,-7.93835477097,10
86121,0,-7.93835477097,10
86122,0,-7.93835477097,10
86123,0,-7.93835477097,10
86124,0,-7.93835477097,10
86125,0,-7.93835477097,10
86126,0,-7.93835477097,10
86127,0,-7.93835477097,10
86128,0,-7.93835477097,10
86129,0,-7.93835477097,10
86131,0,-7.93835477097,10
86132,0,-7.93835477097,10
86133,0,-7.93835477097,10
86134,0,-7.93835477097,10
86135,0,-7.93835477097,10
86136,0,-7.93835477097,10
86137,0,-7.93835477097,10
86138,0,-7.93835477097,10
86139,0,-7.93835477097,10
86140,0,-7.93835477097,10
86141,0,-7.93835477097,10
86142,0,-7.93835477097,10
86143,0,-7.93835477097,10
86144,0,-7.93835477097,10
86145,0,-7.93835477097,10
86146,0,-7.93835477097,10
86147,0,-7.93835477097,10
86148,0,-7.93835477097,10
86149,0,-7.93835477097,10
86150,0,-7.93835477097,10
86151,0,-7.93835477097,10
86152,0,-7.93835477097,10
86153,0,-7.93835477097,10
86154,0,-7.93835477097,10
86155,0,-7.93835477097,10
86156,0,-7.93835477097,10
86157,2,-7.52624512015,10
86158,0,-7.93835477097,9
86160,0,-7.93835477097,9
86162,0,-7.93835477097,9
86163,0,-7.93835477097,9
86164,0,-7.93835477097,9
86165,0,-7.93835477097,9
86169,0,-7.93835477097,9
86170,0,-7.93835477097,9
86171,0,-7.93835477097,9
86172,1,-7.32316913188,9
86173,0,-7.93835477097,9
86174,0,-7.93835477097,9
86177,0,-7.93835477097,9
86178,0,-7.93835477097,9
86179,0,-7.93835477097,9
86180,0,-7.93835477097,9
86181,0,-7.93835477097,9
86182,0,-7.93835477097,9
86183,0,-7.93835477097,9
86184,0,-7.93835477097,9
86185,0,-7.93835477097,9
86186,2,-6.83351193256,9
86188,0,-7.93835477097,8
86189,1,-7.58418295725,8
86190,0,-7.93835477097,8
86191,1,-7.58418295725,8
86192,0,-7.93835477097,8
86193,0,-7.93835477097,8
86194,0,-7.93835477097,8
86195,0,-7.93835477097,8
86198,0,-7.93835477097,8
86199,0,-7.93835477097,8
86200,0,-7.93835477097,8
86201,0,-7.93835477097,8
86202,0,-7.93835477097,8
86203,1,-7.58418295725,8
86204,0,-7.93835477097,8
86205,0,-7.93835477097,8
86206,0,-7.93835477097,8
86207,0,-7.93835477097,8
86208,0,-7.93835477097,8
86209,0,-7.93835477097,8
86210,0,-7.93835477097,8
86211,0,-7.93835477097,8
86212,0,-7.93835477097,8
86213,0,-7.93835477097,8
86214,0,-7.93835477097,8
86215,1,-6.74594860302,8
86216,0,-7.93835477097,8
86217,0,-7.93835477097,8
86218,0,-7.93835477097,8
86219,0,-7.93835477097,8
86220,0,-7.93835477097,8
86221,0,-7.93835477097,8
86222,0,-7.93835477097,8
86223,0,-7.93835477097,8
86224,0,-7.93835477097,8
86225,0,-7.93835477097,8
86226,0,-7.93835477097,8
86227,0,-7.93835477097,8
86228,0,-7.93835477097,8
86230,0,-7.93835477097,8
86231,1,-7.85677478398,8
86232,0,-7.93835477097,8
86233,0,-7.93835477097,7
86234,0,-7.93835477097,7
86235,0,-7.93835477097,7
86236,0,-7.93835477097,7
86237,0,-7.93835477097,7
86238,0,-7.93835477097,7
86239,1,-7.58418295725,7
86240,0,-7.93835477097,7
86241,0,-7.93835477097,7
86242,0,-7.93835477097,7
86243,0,-7.93835477097,7
86244,0,-7.93835477097,7
86245,0,-7.93835477097,7
86246,0,-7.93835477097,7
86247,2,-6.94510299796,7
86248,0,-7.93835477097,7
86249,1,-7.32316913188,7
86250,0,-7.93835477097,7
86252,1,-7.32316913188,7
86253,0,-7.93835477097,7
86254,0,-7.93835477097,7
86255,1,-7.32316913188,7
86256,0,-7.93835477097,7
86257,1,-7.32316913188,7
86258,0,-7.93835477097,7
86259,0,-7.93835477097,7
86260,1,-7.32316913188,7
86261,1,-7.32316913188,7
86262,1,-7.32316913188,7
86263,0,-7.93835477097,6
86264,2,-6.94510299796,6
86265,0,-7.93835477097,6
86266,0,-7.93835477097,6
86267,0,-7.93835477097,6
86268,1,-6.04123478609,6
86269,0,-7.93835477097,6
86270,0,-7.93835477097,6
86272,1,-7.58418295725,6
86273,0,-7.93835477097,6
86274,0,-7.93835477097,6
86275,0,-7.93835477097,6
86276,0,-7.93835477097,6
86277,0,-7.93835477097,6
86278,0,-7.93835477097,6
86279,0,-7.93835477097,6
86280,1,-7.32316913188,6
86281,1,-7.58418295725,6
86282,1,-7.58418295725,6
86283,0,-7.93835477097,6
86284,0,-7.93835477097,6
86285,0,-7.93835477097,6
86286,0,-7.93835477097,6
86287,0,-7.93835477097,6
86288,0,-7.93835477097,6
86289,0,-7.93835477097,6
86290,0,-7.93835477097,6
86291,0,-7.93835477097,6
86292,0,-7.93835477097,6
86293,0,-7.93835477097,6
86294,0,-7.93835477097,6
86295,0,-7.93835477097,6
86296,1,-7.58418295725,6
86297,0,-7.93835477097,6
86298,1,-7.18460584468,6
86300,0,-7.93835477097,6
86301,0,-7.93835477097,6
86302,0,-7.93835477097,5
86303,0,-7.93835477097,6
86304,0,-7.93835477097,6
86306,0,-7.93835477097,6
86307,0,-7.93835477097,5
86308,0,-7.93835477097,6
86309,0,-7.93835477097,5
86310,0,-7.93835477097,5
86311,0,-7.93835477097,5
86312,0,-7.93835477097,5
86313,0,-7.93835477097,5
86314,0,-7.93835477097,5
86315,0,-7.93835477097,5
86316,1,-7.32316913188,5
86317,0,-7.93835477097,5
86318,0,-7.93835477097,5
86319,0,-7.93835477097,5
86320,0,-7.93835477097,6
86321,1,-7.65809601663,5
86322,1,-7.68889391134,5
86324,1,-7.32316913188,5
86325,0,-7.93835477097,5
86326,0,-7.93835477097,5
86327,0,-7.93835477097,5
86328,1,-6.04123478609,5
86329,0,-7.93835477097,5
86330,0,-7.93835477097,5
86331,0,-7.93835477097,5
86332,0,-7.93835477097,5
86333,0,-7.93835477097,5
86334,0,-7.93835477097,5
86335,0,-7.93835477097,5
86336,0,-7.93835477097,5
86337,0,-7.93835477097,5
86338,0,-7.93835477097,5
86339,0,-7.93835477097,5
86340,0,-7.93835477097,5
86341,2,-7.40283653462,5
86342,1,-7.58418295725,5
86343,0,-7.93835477097,5
86344,0,-7.93835477097,5
86346,1,-7.32316913188,5
86347,0,-7.93835477097,5
86348,0,-7.93835477097,5
86349,0,-7.93835477097,5
86350,0,-7.93835477097,4
86351,0,-7.93835477097,5
86352,0,-7.93835477097,5
86353,0,-7.93835477097,5
86355,0,-7.93835477097,4
86356,0,-7.93835477097,5
86357,0,-7.93835477097,5
86358,1,-7.74567042715,4
86359,0,-7.93835477097,4
86360,0,-7.93835477097,5
86361,0,-7.93835477097,5
86362,2,-7.48940455093,4
86363,0,-7.93835477097,4
86364,0,-7.93835477097,4
86365,1,-7.80586558793,4
86366,0,-7.93835477097,4
86367,0,-7.93835477097,4
86369,0,-7.93835477097,4
86370,0,-7.93835477097,4
86371,0,-7.93835477097,4
86372,0,-7.93835477097,4
86373,0,-7.93835477097,4
86374,0,-7.93835477097,5
86375,0,-7.93835477097,4
86376,0,-7.93835477097,4
86377,0,-7.93835477097,4
86378,0,-7.93835477097,5
86379,1,-7.32316913188,4
86380,0,-7.93835477097,4
86381,0,-7.93835477097,4
86382,2,-6.94510299796,4
86383,0,-7.93835477097,4
86384,1,-7.80586558793,4
86385,0,-7.93835477097,4
86386,0,-7.93835477097,4
86388,0,-7.93835477097,4
86389,0,-7.93835477097,4
86390,0,-7.93835477097,4
86391,0,-7.93835477097,4
86392,0,-7.93835477097,4
86393,0,-7.93835477097,4
86394,1,-6.04123478609,4
86395,1,-7.58418295725,4
86396,0,-7.93835477097,3
86397,0,-7.93835477097,4
86398,0,-7.93835477097,3
86399,0,-7.93835477097,4
86400,0,-7.93835477097,4
86401,0,-7.93835477097,3
86402,0,-7.93835477097,4
86403,0,-7.93835477097,3
86405,0,-7.93835477097,3
86406,0,-7.93835477097,3
86408,0,-7.93835477097,3
86409,0,-7.93835477097,3
86410,0,-7.93835477097,3
86411,1,-7.32316913188,3
86412,0,-7.93835477097,3
86415,0,-7.93835477097,3
86417,0,-7.93835477097,3
86418,0,-7.93835477097,3
86419,0,-7.93835477097,3
86420,0,-7.93835477097,3
86421,0,-7.93835477097,3
86422,0,-7.93835477097,4
86423,1,-6.87492699442,3
86424,0,-7.93835477097,3
86425,0,-7.93835477097,3
86426,0,-7.93835477097,3
86427,1,-7.85677478398,3
86428,0,-7.93835477097,3
86429,0,-7.93835477097,3
86430,2,-7.11637471857,3
86431,0,-7.93835477097,3
86432,0,-7.93835477097,3
86433,1,-7.58418295725,3
86434,0,-7.93835477097,2
86435,0,-7.93835477097,3
86436,0,-7.93835477097,2
86437,0,-7.93835477097,2
86438,1,-7.68889391134,2
86440,0,-7.93835477097,2
86441,0,-7.93835477097,2
86442,0,-7.93835477097,2
86443,0,-7.93835477097,2
86444,0,-7.93835477097,2
86446,0,-7.93835477097,2
86447,0,-7.93835477097,2
86448,0,-7.93835477097,2
86449,1,-7.32316913188,2
86450,0,-7.93835477097,2
86451,0,-7.93835477097,2
86452,1,-7.32316913188,2
86453,0,-7.93835477097,2
86454,0,-7.93835477097,2
86455,0,-7.93835477097,2
86456,0,-7.93835477097,2
86457,0,-7.93835477097,2
86458,0,-7.93835477097,2
86459,0,-7.93835477097,2
86460,0,-7.93835477097,2
86461,0,-7.93835477097,2
86462,0,-7.93835477097,2
86463,0,-7.93835477097,2
86464,0,-7.93835477097,2
86465,0,-7.93835477097,2
86466,0,-7.93835477097,1
86467,0,-7.93835477097,1
86469,0,-7.93835477097,1
86470,0,-7.93835477097,1
86471,0,-7.93835477097,1
86472,0,-7.93835477097,1
86473,0,-7.93835477097,1
86474,0,-7.93835477097,1
86475,0,-7.93835477097,1
86476,0,-7.93835477097,1
86477,0,-7.93835477097,2
86478,0,-7.93835477097,1
86479,0,-7.93835477097,1
86480,0,-7.93835477097,1
86481,0,-7.93835477097,1
86482,0,-7.93835477097,2
86483,0,-7.93835477097,1
86484,0,-7.93835477097,1
86485,0,-7.93835477097,1
86486,0,-7.93835477097,1
86487,0,-7.93835477097,1
86488,0,-7.93835477097,1
86489,0,-7.93835477097,1
86490,0,-7.93835477097,1
86491,0,-7.93835477097,1
86492,0,-7.93835477097,1
86493,0,-7.93835477097,1
86494,0,-7.93835477097,1
86495,0,-7.93835477097,1
86496,0,-7.93835477097,1
86497,0,-7.93835477097,1
86498,0,-7.93835477097,1
86499,0,-7.93835477097,1
86500,0,-7.93835477097,1
86501,0,-7.93835477097,1
86502,0,-7.93835477097,1
86503,0,-7.93835477097,1
86504,0,-7.93835477097,1
86505,0,-7.93835477097,1
86506,1,-7.58418295725,1
86507,0,-7.93835477097,1
86509,0,-7.93835477097,1
86510,0,-7.93835477097,0
86511,0,-7.93835477097,0
86512,0,-7.93835477097,0
86513,0,-7.93835477097,0
86514,0,-7.93835477097,1
86515,0,-7.93835477097,0
86516,0,-7.93835477097,0
86517,0,-7.93835477097,0
86518,0,-7.93835477097,0
86519,0,-7.93835477097,0
86520,0,-7.93835477097,0
86521,0,-7.93835477097,0
86522,0,-7.93835477097,0
86523,0,-7.93835477097,0
86524,0,-7.93835477097,0
86525,1,-7.32316913188,0
86526,0,-7.93835477097,0
86527,0,-7.93835477097,0
86528,0,-7.93835477097,0
86529,0,-7.93835477097,0
86530,0,-7.93835477097,0
86531,0,-7.93835477097,0
86532,0,-7.93835477097,0
86533,0,-7.93835477097,0
86534,0,-7.93835477097,0
86536,0,-7.93835477097,0
86537,0,-7.93835477097,0
86538,0,-7.93835477097,0
86539,0,-7.93835477097,0
86540,0,-7.93835477097,0
86541,0,-7.93835477097,0
86542,0,-7.93835477097,0
86543,0,-7.93835477097,0
86544,0,-7.93835477097,0
86545,0,-7.93835477097,0
86546,0,-7.93835477097,0
86547,0,-7.93835477097,0
86548,0,-7.93835477097,0
86549,0,-7.93835477097,0
86550,0,-7.93835477097,0
86551,0,-7.93835477097,0
86552,0,-7.93835477097,0
86553,0,-7.93835477097,0
86554,0,-7.93835477097,0
86555,0,-7.93835477097,0
86556,0,-7.93835477097,0
86557,0,-7.93835477097,0
86558,0,-7.93835477097,0
86559,0,-7.93835477097,0
86560,0,-7.93835477097,0
86561,0,-7.93835477097,0
86562,0,-7.93835477097,0
86563,0,-7.93835477097,0
86564,0,-7.93835477097,0
86565,0,-7.93835477097,0
86566,0,-7.93835477097,0
86568,0,-7.93835477097,0
86569,0,-7.93835477097,0
86570,0,-7.93835477097,0
86571,0,-7.93835477097,0
86572,0,-7.93835477097,0
86573,0,-7.93835477097,0
86574,0,-7.93835477097,0
86575,0,-7.93835477097,0
86576,0,-7.93835477097,0
86578,0,-7.93835477097,0
86579,0,-7.93835477097,0
86580,0,-7.93835477097,0
86581,0,-7.93835477097,0
86582,0,-7.93835477097,0
86583,1,-7.32316913188,0
86584,0,-7.93835477097,0
86585,0,-7.93835477097,0
86586,1,-6.87492699442,0
86587,1,-7.13594081979,0
86588,0,-7.93835477097,0
86589,0,-7.93835477097,0
86590,0,-7.93835477097,0
86592,0,-7.93835477097,0
86597,0,-7.93835477097,0
86598,0,-7.93835477097,0
86602,0,-7.93835477097,0
86611,0,-7.93835477097,0
86664,0,-7.93835477097,0
